"left","relation","right","owl_type","match_type","path","lin","word2Vec","prefix","suffix","smoaDistance","umbcSim","soft_tfidf_jaro","simple_tfidf","hammingDistance","umbcphrasesim","outlier"
"http://oaei.ontologymatching.org/2011/benchmarks/101/onto.rdf#MotionPicture","=","http://oaei.ontologymatching.org/2011/benchmarks/101/onto.rdf#LectureNotes","c","FF",0.12951544472453697,0.23648655001336188,0.4589047394832143,-0.614126293991594,1.3685401048327626,1.8883468915629893,-0.32747601525943615,0.9047846428064148,-0.3592171929477134,-0.04747121501044424,-0.4272332380878774,1.8327908746073578
"http://oaei.ontologymatching.org/2011/benchmarks/101/onto.rdf#Chapter","=","http://oaei.ontologymatching.org/2011/benchmarks/101/onto.rdf#TechReport","c","FF",0.373974331817444,0.8893688688839663,0.6992090388684616,0.8015850940163923,0.5420942476013831,-0.3422510368993909,-0.05988741516439517,-0.3704779041324839,-0.16683525039431,0.08115496909610445,-0.1863673240661817,1.1293158179235592
"http://oaei.ontologymatching.org/2011/benchmarks/101/onto.rdf#Publisher","=","http://oaei.ontologymatching.org/2011/benchmarks/101/onto.rdf#Journal","c","FF",-0.20928391428873133,-0.24243643466987633,1.5403631298062672,-0.614126293991594,0.010807625095496489,-0.3422510368993909,2.4528195747997907,0.06214765258879506,-0.3592171929477134,-0.4762251620322724,2.158131080064394,2.3168212233984193
"http://oaei.ontologymatching.org/2011/benchmarks/101/onto.rdf#Proceedings","=","http://oaei.ontologymatching.org/2011/benchmarks/101/onto.rdf#InProceedings","c","FF",4.790072480907058,3.8641304735703965,3.719550942480448,3.5785574320320577,4.261100605142589,3.8639191359311758,4.342769843104507,2.043609578888437,0.7600706399074456,-0.4762251620322724,4.1125267982164315,8.629016076533976
"http://oaei.ontologymatching.org/2011/benchmarks/101/onto.rdf#Deliverable","=","http://oaei.ontologymatching.org/2011/benchmarks/101/onto.rdf#TechReport","c","FF",-0.2985581356315133,-0.611024249927282,-0.5857881676401191,-0.33884907965670774,-0.20170702390685807,2.207056975902206,1.3303986141798094,0.10212548790865278,0.12933627610397416,0.14308609477703563,1.7765937660901772,2.1391890639666262
"http://oaei.ontologymatching.org/2011/benchmarks/101/onto.rdf#LectureNotes","=","http://oaei.ontologymatching.org/2011/benchmarks/101/onto.rdf#TechReport","c","FF",0.2127396775135105,0.5781030731736664,0.7870408203436762,0.21170534901306468,-0.28435160962999606,-0.3422510368993909,-0.23135403913381053,-0.5628401681040996,-0.3592171929477134,0.91722516578867,0.07919554773948692,1.560858427893986
"http://oaei.ontologymatching.org/2011/benchmarks/101/onto.rdf#Chapter","=","http://oaei.ontologymatching.org/2011/benchmarks/101/onto.rdf#MotionPicture","c","FF",-0.04696714821094604,1.198289000384114,1.3120378630124725,-0.23297322798944378,0.010807625095496489,-0.3422510368993909,-0.3328522889238348,-0.5266529395450562,-0.3230262624498273,-0.04747121501044424,-0.5593392660360766,1.8891488003033254
"http://oaei.ontologymatching.org/2011/benchmarks/101/onto.rdf#Article","=","http://oaei.ontologymatching.org/2011/benchmarks/101/onto.rdf#Report","c","FF",0.11534961786683934,1.0829113694744834,0.9543183362481182,0.09372940001239916,0.7191897884366786,-0.3422510368993909,1.3642150219474458,-0.27507506801890985,-0.07142265460919495,-0.4762251620322724,1.222300298297803,0.8955046284950827
"http://oaei.ontologymatching.org/2011/benchmarks/101/onto.rdf#Address","=","http://oaei.ontologymatching.org/2011/benchmarks/101/onto.rdf#Reference","c","FF",-0.057788265949465026,0.9773572232380168,-0.02444462593320036,0.8015850940163923,0.010807625095496489,-0.3422510368993909,0.3068830656235592,-0.3737125300005144,-0.3592171929477134,-0.4762251620322724,0.0014743185600294608,1.4024252215568866
"http://oaei.ontologymatching.org/2011/benchmarks/101/onto.rdf#Reference","=","http://oaei.ontologymatching.org/2011/benchmarks/101/onto.rdf#Publisher","c","FF",-0.24424444852086968,-0.2091272061896028,0.5798490069933188,-0.06357186532182155,0.40435327139615324,-0.3422510368993909,0.14729613135317318,-0.2992617894671545,-0.3592171929477134,-0.4762251620322724,1.1737354598086422,1.4627982695493893
"http://oaei.ontologymatching.org/2011/benchmarks/101/onto.rdf#Report","=","http://oaei.ontologymatching.org/2011/benchmarks/101/onto.rdf#Deliverable","c","FF",-0.2742106207198455,-0.611024249927282,-0.1673781210835406,1.0375369920177233,4.261100605142589,2.997241349846995,3.137821351534628,1.2086919291883385,1.4124961313616373,0.030484048084434116,2.9445602821533043,4.7733126129492796
"http://oaei.ontologymatching.org/2011/benchmarks/101/onto.rdf#Institution","=","http://oaei.ontologymatching.org/2011/benchmarks/101/onto.rdf#School","c","FF",1.1541769207646655,3.5669745707800504,0.7808452890531457,-0.1636726705345074,-0.6975745382456856,-0.3422510368993909,2.489277110620436,-0.3131962718681056,-0.3592171929477134,-0.4762251620322724,2.591633846096593,3.3124653778816446
"http://oaei.ontologymatching.org/2011/benchmarks/101/onto.rdf#Collection","=","http://oaei.ontologymatching.org/2011/benchmarks/101/onto.rdf#Article","c","FF",-0.057788265949465026,-0.10410773120511224,-0.2166817260107434,0.09372940001239916,0.29416049043196946,-0.3422510368993909,0.3798009382653953,2.2812074451594624,-0.12653944150087437,-0.4762251620322724,0.16636989507929326,1.9020656198801902
"http://oaei.ontologymatching.org/2011/benchmarks/101/onto.rdf#Deliverable","=","http://oaei.ontologymatching.org/2011/benchmarks/101/onto.rdf#Article","c","FF",0.4269978087361873,-0.611024249927282,-0.5527322044647122,-0.33884907965670774,0.7191897884366786,-0.3422510368993909,0.9039051997565687,0.3567866468085944,-0.30606350944967553,0.030484048084434116,0.7768903724062184,1.5902030859837337
"http://oaei.ontologymatching.org/2011/benchmarks/101/onto.rdf#MastersThesis","=","http://oaei.ontologymatching.org/2011/benchmarks/101/onto.rdf#MastersThesis","c","FF",4.790072480907058,3.8641304735703965,3.719550942480448,4.340863564036359,4.261100605142589,4.046796099967287,4.342769843104507,3.822497841760531,5.245931132852286,5.0975761492514975,4.1125267982164315,11.38769039813029
"http://oaei.ontologymatching.org/2011/benchmarks/101/onto.rdf#LectureNotes","=","http://oaei.ontologymatching.org/2011/benchmarks/101/onto.rdf#Reference","c","FF",-0.41586888929682175,-0.41891340204043126,-0.09167280411155736,0.21170534901306468,-0.28435160962999606,1.3441808679065248,-0.296303630809796,-0.5628401681040996,-0.3592171929477134,-0.011741719425291376,1.7557132135065459,1.9774884612084822
"http://oaei.ontologymatching.org/2011/benchmarks/101/onto.rdf#Reference","=","http://oaei.ontologymatching.org/2011/benchmarks/101/onto.rdf#Reference","c","FF",4.790072480907058,3.8641304735703965,3.719550942480448,4.340863564036359,4.261100605142589,4.046796099967287,4.342769843104507,5.041734811942669,5.245931132852287,5.0975761492514975,4.1125267982164315,11.763306774098373
"http://oaei.ontologymatching.org/2011/benchmarks/101/onto.rdf#Article","=","http://oaei.ontologymatching.org/2011/benchmarks/101/onto.rdf#Book","c","FF",0.11534961786683934,2.234046399918294,1.7062457628986514,-0.614126293991594,-0.6975745382456856,-0.3422510368993909,2.0331501159111287,-0.23855668144108913,-0.13320047941350924,-0.4762251620322724,1.725549336745827,2.2943312939574505
"http://oaei.ontologymatching.org/2011/benchmarks/101/onto.rdf#LectureNotes","=","http://oaei.ontologymatching.org/2011/benchmarks/101/onto.rdf#LectureNotes","c","FF",4.790072480907058,3.8641304735703965,3.719550942480448,4.340863564036359,4.261100605142589,4.046796099967287,4.342769843104507,4.746081963969186,2.881781119393811,5.0975761492514975,4.1125267982164315,10.97052807523344
"http://oaei.ontologymatching.org/2011/benchmarks/101/onto.rdf#Conference","=","http://oaei.ontologymatching.org/2011/benchmarks/101/onto.rdf#Address","c","FF",-0.20928391428873133,-0.2201655937155292,-0.5199536631348411,-0.40766838324042937,0.010807625095496489,-0.3422510368993909,0.307841582374401,0.8173597743753295,0.7909697311221441,0.08115496909610445,0.027977008205658644,1.6926918157036517
"http://oaei.ontologymatching.org/2011/benchmarks/101/onto.rdf#Article","=","http://oaei.ontologymatching.org/2011/benchmarks/101/onto.rdf#Journal","c","FF",-0.057788265949465026,0.8620376229489894,1.3227529942501333,0.09372940001239916,0.010807625095496489,-0.3422510368993909,1.566879333635854,1.50401396459555,0.7713948568692434,-0.4762251620322724,1.0910384802562327,1.1255229154295394
"http://oaei.ontologymatching.org/2011/benchmarks/101/onto.rdf#Reference","=","http://oaei.ontologymatching.org/2011/benchmarks/101/onto.rdf#Report","c","FF",-0.057788265949465026,1.0745984481334774,0.14368447289212005,1.0375369920177233,0.1288713189856935,0.09665367678727686,-0.4258682337488272,-0.5628401681040996,-0.3592171929477134,1.381708608395651,-0.05399112423409975,1.7378418693217048
"http://oaei.ontologymatching.org/2011/benchmarks/101/onto.rdf#Chapter","=","http://oaei.ontologymatching.org/2011/benchmarks/101/onto.rdf#Booklet","c","FF",-0.3001813032922911,1.02958767705017,0.7148810291356228,2.2172964820243783,0.010807625095496489,2.90139637941079,1.17746082428174,0.4545312993769268,-0.18902668253509428,2.3106754936096126,0.1908159820789568,2.712418076243678
"http://oaei.ontologymatching.org/2011/benchmarks/101/onto.rdf#Institution","=","http://oaei.ontologymatching.org/2011/benchmarks/101/onto.rdf#Collection","c","FF",0.4269978087361873,1.7541020495977566,-0.3974152650791561,-0.11862730818879873,1.2858955191096244,1.7986097930523097,-0.0636851768914587,-0.35962926506123516,-0.3592171929477134,-0.4762251620322724,-0.07293735507853008,1.8398297069596605
"http://oaei.ontologymatching.org/2011/benchmarks/101/onto.rdf#Publisher","=","http://oaei.ontologymatching.org/2011/benchmarks/101/onto.rdf#Reference","c","FF",-0.24424444852086968,-0.2091272061896028,0.5798490069933188,-0.06357186532182155,0.40435327139615324,-0.3422510368993909,0.14729613135317318,-0.2992617894671544,-0.3592171929477134,-0.4762251620322724,1.1737354598086422,1.4627982695493893
"http://oaei.ontologymatching.org/2011/benchmarks/101/onto.rdf#Book","=","http://oaei.ontologymatching.org/2011/benchmarks/101/onto.rdf#Collection","c","FF",-0.24424444852086968,-0.611024249927282,0.7196308817344919,-0.614126293991594,-0.6975745382456856,-0.3422510368993909,3.0222006455220973,0.9704877153350653,1.174267549313648,0.08115496909610445,3.0105222163444085,3.1380703800480614
"http://oaei.ontologymatching.org/2011/benchmarks/101/onto.rdf#Journal","=","http://oaei.ontologymatching.org/2011/benchmarks/101/onto.rdf#Report","c","FF",0.6996899757468666,1.738478254411306,0.6264514281327658,-0.35333735409538597,0.1288713189856935,-0.3422510368993909,0.09445022862177993,-0.2046816726552647,-0.3410591612937097,-0.4762251620322724,0.09570796039949232,1.4520126386739856
"http://oaei.ontologymatching.org/2011/benchmarks/101/onto.rdf#Journal","=","http://oaei.ontologymatching.org/2011/benchmarks/101/onto.rdf#InBook","c","FF",-0.3001813032922911,-0.611024249927282,1.5633861771335318,-0.09254841419917799,-0.6975745382456856,-0.3422510368993909,3.3503716150977456,-0.5186006511568503,-0.3149731503157767,-0.4762251620322724,3.0237949681577327,3.4695638222746634
"http://oaei.ontologymatching.org/2011/benchmarks/101/onto.rdf#Address","=","http://oaei.ontologymatching.org/2011/benchmarks/101/onto.rdf#Report","c","FF",0.6996899757468666,1.8928642694637283,0.18082098617585318,0.8015850940163923,-0.6975745382456856,-0.3422510368993909,-0.37710031399620586,0.20308640161008815,0.4067877307447148,-0.4762251620322724,-0.04932109353211649,1.7170284442744186
"http://oaei.ontologymatching.org/2011/benchmarks/101/onto.rdf#Publisher","=","http://oaei.ontologymatching.org/2011/benchmarks/101/onto.rdf#Unpublished","c","FF",-0.6637708593065302,-0.611024249927282,1.0150584538950778,2.9895026936650986,-0.6975745382456856,3.5181969625026905,-0.4770241231750087,1.611407484004435,-0.3592171929477134,-0.4762251620322724,-0.5593392660360766,4.009646316198967
"http://oaei.ontologymatching.org/2011/benchmarks/101/onto.rdf#Reference","=","http://oaei.ontologymatching.org/2011/benchmarks/101/onto.rdf#Article","c","FF",-0.11838652528517149,0.9972010264068377,0.8137275497020896,0.09372940001239916,0.010807625095496489,-0.3422510368993909,-0.4770241231750087,0.1369926068588262,-0.3592171929477134,-0.4762251620322724,0.8388216661533406,1.3396338652444806
"http://oaei.ontologymatching.org/2011/benchmarks/101/onto.rdf#TechReport","=","http://oaei.ontologymatching.org/2011/benchmarks/101/onto.rdf#Article","c","FF",-0.07943050142650307,0.407992003747887,-0.24931635495873936,0.09372940001239916,0.7191897884366786,-0.3422510368993909,0.44359544938621853,-0.3089163237123699,-0.18223922410951252,-0.4762251620322724,0.7768903724062184,1.2409577489266241
"http://oaei.ontologymatching.org/2011/benchmarks/101/onto.rdf#InBook","=","http://oaei.ontologymatching.org/2011/benchmarks/101/onto.rdf#Booklet","c","FF",2.0631508108002636,2.670199604027622,2.0729658484845173,2.6892002780270405,2.1359541151190427,2.832885050877109,2.831945771738489,-0.49703150881308866,-0.2934018014574787,-0.4762251620322724,2.0322473942011268,4.061343966885872
"http://oaei.ontologymatching.org/2011/benchmarks/101/onto.rdf#TechReport","=","http://oaei.ontologymatching.org/2011/benchmarks/101/onto.rdf#Institution","c","FF",0.2906517252308475,1.0962512566429616,0.16098565194094933,-0.1636726705345074,-0.2467858888467515,-0.3422510368993909,-0.4770241231750087,0.7737883806279873,0.8424990908550614,-0.4762251620322724,-0.5593392660360766,1.7462144397855726
"http://oaei.ontologymatching.org/2011/benchmarks/101/onto.rdf#MastersThesis","=","http://oaei.ontologymatching.org/2011/benchmarks/101/onto.rdf#Academic","c","FF",-0.3104854607501845,-0.611024249927282,0.6909739975541044,0.00524743826190005,-0.6975745382456856,-0.3422510368993909,-0.2715485675382699,2.6687194358256097,3.7712217522246476,-0.04747121501044424,-0.24559789100574472,3.9241778861435943
"http://oaei.ontologymatching.org/2011/benchmarks/101/onto.rdf#Conference","=","http://oaei.ontologymatching.org/2011/benchmarks/101/onto.rdf#Institution","c","FF",0.2452030307290676,1.5301579420880056,-0.5551941083463237,-0.1636726705345074,0.29416049043196946,1.267914679072056,-0.3532309055510702,0.24222992449014638,0.4459352579913289,-0.4762251620322724,-0.3239030611165663,1.6095239681463598
"http://oaei.ontologymatching.org/2011/benchmarks/101/onto.rdf#Conference","=","http://oaei.ontologymatching.org/2011/benchmarks/101/onto.rdf#MotionPicture","c","FF",-0.16599944333465524,-0.40277643346047043,-0.35588402539352365,-0.23297322798944378,0.29416049043196946,1.138176534311208,-0.11387951963832346,0.8807320130200359,-0.3592171929477134,0.3812827320113845,-0.39214477018071303,1.7823899352965347
"http://oaei.ontologymatching.org/2011/benchmarks/101/onto.rdf#Unpublished","=","http://oaei.ontologymatching.org/2011/benchmarks/101/onto.rdf#Unpublished","c","FF",4.790072480907058,3.8641304735703965,3.7195509424804474,4.340863564036359,4.261100605142589,4.046796099967287,4.342769843104507,0.48417005670566643,5.245931132852287,5.0975761492514975,4.1125267982164315,10.950014434745476
"http://oaei.ontologymatching.org/2011/benchmarks/101/onto.rdf#InBook","=","http://oaei.ontologymatching.org/2011/benchmarks/101/onto.rdf#Book","c","FF",4.790072480907058,3.8641304735703965,3.719550942480448,2.6892002780270405,4.261100605142589,3.60789138628062,4.342769843104507,3.531740208925155,3.7357820579977252,-0.4762251620322724,4.1125267982164315,9.194953193261549
"http://oaei.ontologymatching.org/2011/benchmarks/101/onto.rdf#Booklet","=","http://oaei.ontologymatching.org/2011/benchmarks/101/onto.rdf#Booklet","c","FF",4.790072480907058,3.8641304735703965,3.719550942480447,4.340863564036359,4.261100605142589,4.046796099967287,4.342769843104507,5.041734811942668,5.245931132852286,5.0975761492514975,4.1125267982164315,11.763306774098373
"http://oaei.ontologymatching.org/2011/benchmarks/101/onto.rdf#Book","=","http://oaei.ontologymatching.org/2011/benchmarks/101/onto.rdf#Article","c","FF",0.11534961786683934,2.234046399918294,1.7062457628986514,-0.614126293991594,-0.6975745382456856,-0.3422510368993909,2.0331501159111287,-0.23855668144108913,-0.13320047941350924,-0.4762251620322724,1.725549336745827,2.2943312939574505
"http://oaei.ontologymatching.org/2011/benchmarks/101/onto.rdf#Report","=","http://oaei.ontologymatching.org/2011/benchmarks/101/onto.rdf#Address","c","FF",0.6996899757468666,1.8928642694637283,0.18082098617585318,0.8015850940163923,-0.6975745382456856,-0.3422510368993909,-0.37710031399620586,0.20308640161008815,0.4067877307447148,-0.4762251620322724,-0.04932109353211649,1.7170284442744186
"http://oaei.ontologymatching.org/2011/benchmarks/101/onto.rdf#Collection","=","http://oaei.ontologymatching.org/2011/benchmarks/101/onto.rdf#Journal","c","FF",0.11534961786683934,-0.158339661408133,0.31739257880993627,-0.614126293991594,0.010807625095496489,-0.3422510368993909,0.5184019146011205,1.5944443760494607,-0.3352224527778091,0.11049076547128228,-0.023336975178539235,1.6626530472245538
"http://oaei.ontologymatching.org/2011/benchmarks/101/onto.rdf#Journal","=","http://oaei.ontologymatching.org/2011/benchmarks/101/onto.rdf#Journal","c","FF",4.790072480907058,3.8641304735703965,3.719550942480448,4.340863564036359,1.1293057777394682,3.498165207858953,3.8424959196918826,1.8195223863306136,2.023389076212578,5.0975761492514975,3.559240955726938,9.048877207806138
"http://oaei.ontologymatching.org/2011/benchmarks/101/onto.rdf#Academic","=","http://oaei.ontologymatching.org/2011/benchmarks/101/onto.rdf#Academic","c","FF",4.790072480907058,3.8641304735703965,3.719550942480447,4.340863564036359,4.261100605142589,4.046796099967287,4.342769843104507,5.041734811942669,5.245931132852287,5.0975761492514975,4.1125267982164315,11.763306774098373
"http://oaei.ontologymatching.org/2011/benchmarks/101/onto.rdf#Article","=","http://oaei.ontologymatching.org/2011/benchmarks/101/onto.rdf#Reference","c","FF",-0.11838652528517149,0.9972010264068377,0.8137275497020896,0.09372940001239916,0.010807625095496489,-0.3422510368993909,0.13742447176329914,0.1369926068588262,-0.3592171929477134,-0.4762251620322724,0.8388216661533406,1.0474477173611105
"http://oaei.ontologymatching.org/2011/benchmarks/101/onto.rdf#TechReport","=","http://oaei.ontologymatching.org/2011/benchmarks/101/onto.rdf#Deliverable","c","FF",-0.2985581356315133,-0.611024249927282,-0.5857881676401191,-0.33884907965670774,2.277630547787279,2.207056975902206,1.3303986141798094,0.10212548790865278,0.12933627610397416,0.53719325820114,1.7765937660901772,2.47807457036972
"http://oaei.ontologymatching.org/2011/benchmarks/101/onto.rdf#Conference","=","http://oaei.ontologymatching.org/2011/benchmarks/101/onto.rdf#Conference","c","FF",4.790072480907058,3.8641304735703965,3.7195509424804474,-0.40766838324042937,-0.4909630739378409,4.046796099967287,0.6796134291880089,5.041734811942669,5.245931132852287,5.0975761492514975,0.5515110323956569,9.730269056401815
"http://oaei.ontologymatching.org/2011/benchmarks/101/onto.rdf#Collection","=","http://oaei.ontologymatching.org/2011/benchmarks/101/onto.rdf#Collection","c","FF",4.790072480907058,3.8641304735703965,3.7195509424804474,4.340863564036359,4.261100605142589,4.046796099967287,4.342769843104507,5.041734811942669,5.24593113285229,5.0975761492514975,4.1125267982164315,11.763306774098373
"http://oaei.ontologymatching.org/2011/benchmarks/101/onto.rdf#MotionPicture","=","http://oaei.ontologymatching.org/2011/benchmarks/101/onto.rdf#Collection","c","FF",0.03861805572097719,-0.340145277946912,-0.1401800415669719,-0.23297322798944378,0.8281716597199376,1.656812644265297,-0.45220456507040485,-0.5313790795094833,-0.32775288589646084,0.3812827320113845,-0.5593392660360766,2.1254972272745323
"http://oaei.ontologymatching.org/2011/benchmarks/101/onto.rdf#PersonList","=","http://oaei.ontologymatching.org/2011/benchmarks/101/onto.rdf#PersonList","c","FF",4.790072480907058,3.8641304735703965,3.719550942480448,2.358867620825177,4.261100605142589,4.046796099967287,1.3373577735394064,5.041734811942669,1.5239742595306704,5.0975761492514975,4.1125267982164315,9.878656450955566
"http://oaei.ontologymatching.org/2011/benchmarks/101/onto.rdf#InProceedings","=","http://oaei.ontologymatching.org/2011/benchmarks/101/onto.rdf#InProceedings","c","FF",4.790072480907058,3.8641304735703965,3.719550942480448,4.340863564036359,4.261100605142589,4.046796099967287,4.342769843104507,2.5148744833011256,0.2624853908444908,5.0975761492514975,4.1125267982164315,10.124368361186528
"http://oaei.ontologymatching.org/2011/benchmarks/101/onto.rdf#Manual","=","http://oaei.ontologymatching.org/2011/benchmarks/101/onto.rdf#Book","c","FF",0.6996899757468666,2.876457902062822,-0.006805482772211089,-0.614126293991594,-0.6975745382456856,-0.3422510368993909,0.6918553816242814,-0.5628401681040996,-0.3592171929477134,-0.4762251620322724,0.3876852484720384,2.419636940775162
"http://oaei.ontologymatching.org/2011/benchmarks/101/onto.rdf#Article","=","http://oaei.ontologymatching.org/2011/benchmarks/101/onto.rdf#InBook","c","FF",0.11534961786683934,2.234046399918294,1.7062457628986514,0.09372940001239916,-0.6975745382456856,-0.3422510368993909,2.0331501159111287,-0.3822904673603571,-0.287535832053896,-0.4762251620322724,1.725549336745827,2.1796984267152357
"http://oaei.ontologymatching.org/2011/benchmarks/101/onto.rdf#InCollection","=","http://oaei.ontologymatching.org/2011/benchmarks/101/onto.rdf#Conference","c","FF",0.2452030307290676,1.176575320757075,-0.77599084790118,0.21170534901306468,0.1288713189856935,1.1984247560075767,-0.20664564124958096,-0.40779951959159927,-0.3592171929477134,-0.011741719425291376,-0.15394990034680897,1.6621146623861027
"http://oaei.ontologymatching.org/2011/benchmarks/101/onto.rdf#Report","=","http://oaei.ontologymatching.org/2011/benchmarks/101/onto.rdf#Report","c","FF",4.790072480907058,3.8641304735703965,3.7195509424804474,4.340863564036359,4.261100605142589,4.046796099967287,4.342769843104507,5.041734811942669,5.245931132852287,5.0975761492514975,4.1125267982164315,11.763306774098373
"http://oaei.ontologymatching.org/2011/benchmarks/101/onto.rdf#Date","=","http://oaei.ontologymatching.org/2011/benchmarks/101/onto.rdf#Date","c","FF",4.790072480907058,3.8641304735703965,3.719550942480448,4.340863564036359,4.261100605142589,4.046796099967287,4.342769843104507,5.0417348119426695,5.245931132852287,5.0975761492514975,4.1125267982164315,11.763306774098373
"http://oaei.ontologymatching.org/2011/benchmarks/101/onto.rdf#TechReport","=","http://oaei.ontologymatching.org/2011/benchmarks/101/onto.rdf#School","c","FF",0.972382142757546,1.2145751822922801,0.34619244446381536,-0.614126293991594,-0.6975745382456856,-0.3422510368993909,-0.2759136126739291,1.1899344585091713,1.3937367418008078,-0.4762251620322724,-0.38792261548992807,2.0712788726672056
"http://oaei.ontologymatching.org/2011/benchmarks/101/onto.rdf#Report","=","http://oaei.ontologymatching.org/2011/benchmarks/101/onto.rdf#Article","c","FF",0.11534961786683934,1.0829113694744834,0.9543183362481182,0.09372940001239916,0.7191897884366786,-0.3422510368993909,1.3642150219474458,-0.27507506801890985,-0.07142265460919495,-0.4762251620322724,1.222300298297803,0.8955046284950827
"http://oaei.ontologymatching.org/2011/benchmarks/101/onto.rdf#Book","=","http://oaei.ontologymatching.org/2011/benchmarks/101/onto.rdf#InBook","c","FF",4.790072480907058,3.8641304735703965,3.719550942480448,2.6892002780270405,4.261100605142589,3.60789138628062,4.342769843104507,-0.024518090819283415,0.17915995446784086,-0.4762251620322724,4.1125267982164315,8.207286673582505
"http://oaei.ontologymatching.org/2011/benchmarks/101/onto.rdf#InBook","=","http://oaei.ontologymatching.org/2011/benchmarks/101/onto.rdf#Collection","c","FF",-0.24424444852086968,-0.611024249927282,0.7196308817344919,-0.11862730818879873,0.1288713189856935,-0.3422510368993909,3.0222006455220973,0.5573757778746291,0.7611133506691263,-0.4762251620322724,3.0105222163444085,2.821599358027595
"http://oaei.ontologymatching.org/2011/benchmarks/101/onto.rdf#Proceedings","=","http://oaei.ontologymatching.org/2011/benchmarks/101/onto.rdf#Proceedings","c","FF",4.790072480907058,3.8641304735703965,3.719550942480448,4.340863564036359,4.261100605142589,4.046796099967287,4.342769843104507,1.579052130386202,5.245931132852287,5.0975761492514975,4.1125267982164315,10.993336334364193
"http://oaei.ontologymatching.org/2011/benchmarks/101/onto.rdf#Collection","=","http://oaei.ontologymatching.org/2011/benchmarks/101/onto.rdf#InCollection","c","FF",4.790072480907058,3.8641304735703965,3.7195509424804474,3.5150319210317,4.261100605142589,3.8472939573824387,4.342769843104507,4.626581109716982,4.9225529218786495,-0.4762251620322724,4.1125267982164315,10.243542549852334
"http://oaei.ontologymatching.org/2011/benchmarks/101/onto.rdf#Publisher","=","http://oaei.ontologymatching.org/2011/benchmarks/101/onto.rdf#InCollection","c","FF",0.01795955822016817,1.2220395294624538,0.1968423285463832,-0.06357186532182155,-0.6975745382456856,-0.3422510368993909,-0.09424380556287244,0.18437486170312029,-0.2725441653208706,-0.4762251620322724,0.32609841582749005,1.5497472594966881
"http://oaei.ontologymatching.org/2011/benchmarks/101/onto.rdf#PhdThesis","=","http://oaei.ontologymatching.org/2011/benchmarks/101/onto.rdf#PhdThesis","c","FF",4.790072480907058,3.8641304735703965,3.719550942480448,4.340863564036359,4.261100605142589,4.046796099967287,4.342769843104507,5.041734811942669,5.245931132852287,5.0975761492514975,4.1125267982164315,11.763306774098373
"http://oaei.ontologymatching.org/2011/benchmarks/101/onto.rdf#Conference","=","http://oaei.ontologymatching.org/2011/benchmarks/101/onto.rdf#InProceedings","c","FF",-0.20928391428873133,-0.1974370060428645,1.0022277581780943,-0.40766838324042937,0.06529856073712596,-0.3422510368993909,0.12029139781003056,-0.08778347893783674,0.11588809432567583,-0.04747121501044424,0.7402546925049015,1.3381851815171406
"http://oaei.ontologymatching.org/2011/benchmarks/101/onto.rdf#Book","=","http://oaei.ontologymatching.org/2011/benchmarks/101/onto.rdf#Booklet","c","FF",2.0631508108002636,2.670199604027622,2.0729658484845173,4.340863564036359,2.1359541151190427,3.6876922433145594,2.831945771738489,0.603979475996272,-0.0065280558476611674,2.70880415870131,2.0322473942011268,5.614478382381642
"http://oaei.ontologymatching.org/2011/benchmarks/101/onto.rdf#TechReport","=","http://oaei.ontologymatching.org/2011/benchmarks/101/onto.rdf#TechReport","c","FF",4.790072480907058,3.8641304735703965,3.719550942480448,4.340863564036359,4.261100605142589,4.046796099967287,4.342769843104507,0.11242866229514066,0.3161207171797093,5.0975761492514975,4.1125267982164315,9.959112830581711
"http://oaei.ontologymatching.org/2011/benchmarks/101/onto.rdf#Part","=","http://oaei.ontologymatching.org/2011/benchmarks/101/onto.rdf#Report","c","FF",0.01795955822016817,-1.3419169724695527E-4,0.08715101471898672,0.6246211705153941,1.7817630334484518,-0.3422510368993909,-0.4770241231750087,0.40261636539788964,-0.3333171242923026,-0.4762251620322724,-0.5593392660360766,2.0222407141802363
"http://oaei.ontologymatching.org/2011/benchmarks/101/onto.rdf#Manual","=","http://oaei.ontologymatching.org/2011/benchmarks/101/onto.rdf#InBook","c","FF",0.6996899757468666,2.876457902062822,-0.006805482772211089,-0.614126293991594,-0.6975745382456856,-0.3422510368993909,0.6918553816242814,-0.5628401681040996,-0.3592171929477134,-0.4762251620322724,0.3876852484720384,2.419636940775162
"http://oaei.ontologymatching.org/2011/benchmarks/101/onto.rdf#Collection","=","http://oaei.ontologymatching.org/2011/benchmarks/101/onto.rdf#Publisher","c","FF",0.01795955822016817,1.2220395294624538,0.1968423285463832,-0.614126293991594,-0.6975745382456856,-0.3422510368993909,-0.09424380556287244,0.4405376820490886,-0.06586240450121185,0.08115496909610445,0.32609841582749005,1.5793265334937785
"http://oaei.ontologymatching.org/2011/benchmarks/101/onto.rdf#InCollection","=","http://oaei.ontologymatching.org/2011/benchmarks/101/onto.rdf#Collection","c","FF",4.790072480907058,3.8641304735703965,3.7195509424804474,3.5150319210317,4.261100605142589,3.8472939573824387,4.342769843104507,1.358591313587584,4.9225529218786495,-0.4762251620322724,4.1125267982164315,9.512103566697299
"http://oaei.ontologymatching.org/2011/benchmarks/101/onto.rdf#Chapter","=","http://oaei.ontologymatching.org/2011/benchmarks/101/onto.rdf#InBook","c","FF",-0.2742106207198455,1.6265531118215573,0.70815548571268,2.6892002780270405,1.7817630334484518,2.6842622360498845,2.223694318687002,-0.11386938501797667,0.08979951966789647,-0.4762251620322724,2.9838689467948045,3.2821630588262023
"http://oaei.ontologymatching.org/2011/benchmarks/101/onto.rdf#Chapter","=","http://oaei.ontologymatching.org/2011/benchmarks/101/onto.rdf#Part","c","FF",2.452711049386948,-0.02108105089618797,1.5886342227602643,0.09372940001239916,0.5420942476013831,3.315288243822841,2.223694318687002,4.200726467343213,0.2176636865220295,-0.4762251620322724,2.9838689467948045,4.648000781118402
"http://oaei.ontologymatching.org/2011/benchmarks/101/onto.rdf#InCollection","=","http://oaei.ontologymatching.org/2011/benchmarks/101/onto.rdf#Book","c","FF",-0.24424444852086968,-0.611024249927282,0.7196308817344919,-0.614126293991594,-0.6975745382456856,-0.3422510368993909,3.0222006455220973,0.8635899239449993,1.0673588223227664,-0.4762251620322724,3.0105222163444085,3.1697560268618563
"http://oaei.ontologymatching.org/2011/benchmarks/101/onto.rdf#TechReport","=","http://oaei.ontologymatching.org/2011/benchmarks/101/onto.rdf#LectureNotes","c","FF",0.2127396775135105,0.5781030731736664,0.7870408203436762,0.21170534901306468,-0.28435160962999606,-0.3422510368993909,-0.23135403913381053,-0.5628401681040996,-0.3592171929477134,0.91722516578867,0.07919554773948692,1.560858427893986
"http://oaei.ontologymatching.org/2011/benchmarks/101/onto.rdf#Monograph","=","http://oaei.ontologymatching.org/2011/benchmarks/101/onto.rdf#Journal","c","FF",0.6996899757468666,1.3051636097451638,2.2076358358003687,-0.35333735409538597,-0.6975745382456856,-0.3422510368993909,-0.4770241231750087,0.16614704178336262,-0.3226377680600134,0.14308609477703563,-0.5593392660360766,2.25664347022782
"http://oaei.ontologymatching.org/2011/benchmarks/101/onto.rdf#PersonList","=","http://oaei.ontologymatching.org/2011/benchmarks/101/onto.rdf#PageRange","c","FF",0.2784155382495991,-0.0984215590663459,1.4720744667052128,-0.06357186532182155,-0.20170702390685807,-0.12279868005605678,0.7645326016359,-0.26224917839427275,-0.058595452901237736,0.030484048084434116,0.4780052051327423,1.1113485339651406
"http://oaei.ontologymatching.org/2011/benchmarks/101/onto.rdf#Publisher","=","http://oaei.ontologymatching.org/2011/benchmarks/101/onto.rdf#Report","c","FF",-0.24424444852086968,-0.18804884116390877,0.12503601869181707,0.21170534901306468,0.1288713189856935,-0.3422510368993909,-0.4770241231750087,0.7285389113982114,-0.3592171929477134,-0.4762251620322724,1.7723683394366152,1.7636260473334766
"http://oaei.ontologymatching.org/2011/benchmarks/101/onto.rdf#Journal","=","http://oaei.ontologymatching.org/2011/benchmarks/101/onto.rdf#Book","c","FF",-0.3001813032922911,-0.611024249927282,1.5633861771335318,-0.614126293991594,-0.6975745382456856,-0.3422510368993909,2.880291903003488,0.1868384695416548,-0.3192749166140708,0.32003216815112356,0.8213907369639577,2.5592169048585034
"http://oaei.ontologymatching.org/2011/benchmarks/101/onto.rdf#Chapter","=","http://oaei.ontologymatching.org/2011/benchmarks/101/onto.rdf#Chapter","c","FF",-0.12812553124983864,-0.316052650411735,0.3634362207931191,4.340863564036359,4.261100605142589,4.046796099967287,0.7305751563087353,1.609740164397363,5.245931132852287,0.22050000187819882,-0.4055223640353623,7.131788745296511
"http://oaei.ontologymatching.org/2011/benchmarks/101/onto.rdf#Academic","=","http://oaei.ontologymatching.org/2011/benchmarks/101/onto.rdf#MastersThesis","c","FF",-0.3104854607501845,-0.611024249927282,0.6909739975541044,0.00524743826190005,-0.6975745382456856,-0.3422510368993909,-0.2715485675382699,2.6687194358256097,3.7712217522246476,-0.04747121501044424,-0.24559789100574472,3.9241778861435943
"http://oaei.ontologymatching.org/2011/benchmarks/101/onto.rdf#Chapter","=","http://oaei.ontologymatching.org/2011/benchmarks/101/onto.rdf#Report","c","FF",-0.05021348353250166,2.039101229530081,0.8547042824410178,0.00524743826190005,0.1288713189856935,-0.3422510368993909,-0.05988741516439517,-0.48229196826408854,-0.32723816136640926,-0.4762251620322724,-0.062043355012254935,1.7344533030350138
"http://oaei.ontologymatching.org/2011/benchmarks/101/onto.rdf#PersonList","=","http://oaei.ontologymatching.org/2011/benchmarks/101/onto.rdf#MotionPicture","c","FF",0.5872487250638915,0.9579802783481474,0.5099443172853044,-0.23297322798944378,-0.2467858888467515,-0.3422510368993909,-0.30376929714046713,-0.5162958476833488,-0.31266811106181225,0.3812827320113845,-0.551623336576994,1.7951649999421595
"http://oaei.ontologymatching.org/2011/benchmarks/101/onto.rdf#Institution","=","http://oaei.ontologymatching.org/2011/benchmarks/101/onto.rdf#InBook","c","FF",-0.3001813032922911,-0.611024249927282,-0.9676751722812859,1.0375369920177233,0.1288713189856935,0.09665367678727686,-0.4770241231750087,2.4987329954065243,-0.3592171929477134,0.53719325820114,-0.2557535761521841,2.805970386117313
"http://oaei.ontologymatching.org/2011/benchmarks/101/onto.rdf#Chapter","=","http://oaei.ontologymatching.org/2011/benchmarks/101/onto.rdf#InCollection","c","FF",0.09137668010765881,-0.08973268618728608,0.5275357183720196,-0.20121047248926466,-0.28435160962999606,-0.3422510368993909,1.4534784385109178,3.0722550135736975,3.2762498574966594,-0.4762251620322724,2.195105930234858,3.5481674274021406
"http://oaei.ontologymatching.org/2011/benchmarks/101/onto.rdf#Manual","=","http://oaei.ontologymatching.org/2011/benchmarks/101/onto.rdf#Booklet","c","FF",0.4269978087361873,2.1060112498784522,0.41841780248381005,-0.614126293991594,0.010807625095496489,-0.3422510368993909,1.6410878929650405,-0.5628401681040996,-0.3592171929477134,-0.4762251620322724,1.4739521070837005,1.8413348650568486
"http://oaei.ontologymatching.org/2011/benchmarks/101/onto.rdf#Article","=","http://oaei.ontologymatching.org/2011/benchmarks/101/onto.rdf#Collection","c","FF",-0.057788265949465026,-0.10410773120511224,-0.2166817260107434,0.09372940001239916,0.29416049043196946,-0.3422510368993909,0.3798009382653953,1.0919619349097631,-0.12653944150087437,-0.4762251620322724,0.16636989507929326,1.3953008987553588
"http://oaei.ontologymatching.org/2011/benchmarks/101/onto.rdf#InCollection","=","http://oaei.ontologymatching.org/2011/benchmarks/101/onto.rdf#Publisher","c","FF",0.01795955822016817,1.2220395294624538,0.1968423285463832,-0.06357186532182155,-0.6975745382456856,-0.3422510368993909,-0.09424380556287244,0.18437486170312029,-0.2725441653208706,-0.4762251620322724,0.32609841582749005,1.5497472594966881
"http://oaei.ontologymatching.org/2011/benchmarks/101/onto.rdf#LectureNotes","=","http://oaei.ontologymatching.org/2011/benchmarks/101/onto.rdf#Conference","c","FF",-0.43652738679763087,-0.42445208926789824,0.46978052874802956,-0.20121047248926466,-0.28435160962999606,1.2630213578168425,0.5746353514323806,-0.5628401681040996,-0.3592171929477134,0.91722516578867,-0.21959636859484258,1.8536444276729203
"http://oaei.ontologymatching.org/2011/benchmarks/101/onto.rdf#Booklet","=","http://oaei.ontologymatching.org/2011/benchmarks/101/onto.rdf#InBook","c","FF",2.0631508108002636,2.670199604027622,2.0729658484845173,2.6892002780270405,2.1359541151190427,2.832885050877109,2.831945771738489,-0.49703150881308866,-0.2934018014574787,-0.4762251620322724,2.0322473942011268,4.061343966885872
"http://oaei.ontologymatching.org/2011/benchmarks/101/onto.rdf#InCollection","=","http://oaei.ontologymatching.org/2011/benchmarks/101/onto.rdf#Part","c","FF",0.4269978087361873,0.16835464946874434,0.33544055500954734,-0.614126293991594,-0.28435160962999606,-0.3422510368993909,-0.11524376850026175,1.7382419855494975,1.0748713125107716,-0.4762251620322724,-0.25114282366944934,1.9346669652288861
"http://oaei.ontologymatching.org/2011/benchmarks/101/onto.rdf#PageRange","=","http://oaei.ontologymatching.org/2011/benchmarks/101/onto.rdf#Chapter","c","FF",0.8311665562698729,1.2772289100622174,1.1234234267903611,0.09372940001239916,0.40435327139615324,-0.3422510368993909,0.5933564557871784,-0.3894117337966455,-0.185771016981587,0.14308609477703563,-0.5582487237250242,1.285695347435675
"http://oaei.ontologymatching.org/2011/benchmarks/101/onto.rdf#Booklet","=","http://oaei.ontologymatching.org/2011/benchmarks/101/onto.rdf#Article","c","FF",0.01795955822016817,1.5385704560421625,1.638415018165615,-0.614126293991594,0.7191897884366786,-0.3422510368993909,0.8260998684446039,-0.06641664837283302,-0.2026537938646576,-0.4762251620322724,0.07439968570304482,1.4717323506849076
"http://oaei.ontologymatching.org/2011/benchmarks/101/onto.rdf#PhdThesis","=","http://oaei.ontologymatching.org/2011/benchmarks/101/onto.rdf#MastersThesis","c","FF",2.733076372612214,1.6265531118215573,3.719550942480448,-0.614126293991594,2.6082088906798306,2.6001138964280313,2.182502966258212,1.5665511848090232,2.8278323079010534,0.3812827320113845,1.940688129426433,4.675969151504618
"http://oaei.ontologymatching.org/2011/benchmarks/101/onto.rdf#PersonList","=","http://oaei.ontologymatching.org/2011/benchmarks/101/onto.rdf#Publisher","c","FF",-0.27221287590658044,-0.39180160206277914,0.478618214031178,-0.06357186532182155,0.29416049043196946,1.6286492965634751,0.25377717258510407,-0.42501864956657137,-0.22138157532459188,0.08115496909610445,0.6263881601433128,1.3679933042337424
"http://oaei.ontologymatching.org/2011/benchmarks/101/onto.rdf#School","=","http://oaei.ontologymatching.org/2011/benchmarks/101/onto.rdf#TechReport","c","FF",0.972382142757546,1.2145751822922801,0.34619244446381536,-0.614126293991594,-0.6975745382456856,-0.3422510368993909,-0.2759136126739291,1.1899344585091713,1.3937367418008078,-0.4762251620322724,-0.38792261548992807,2.0712788726672056
"http://oaei.ontologymatching.org/2011/benchmarks/101/onto.rdf#InBook","=","http://oaei.ontologymatching.org/2011/benchmarks/101/onto.rdf#PageRange","c","FF",-0.10377801633817085,-0.4279809305325901,0.26263398359535617,-0.614126293991594,-0.6975745382456856,-0.3422510368993909,0.18570955558050772,2.2440338089684784,2.875953495668278,-0.4762251620322724,0.9424235639696363,3.0498854900945824
"http://oaei.ontologymatching.org/2011/benchmarks/101/onto.rdf#TechReport","=","http://oaei.ontologymatching.org/2011/benchmarks/101/onto.rdf#MotionPicture","c","FF",0.7089862996222307,0.555301202279471,0.3190420289823267,-0.23297322798944378,0.29416049043196946,-0.3422510368993909,-0.15475759990672236,-0.5218321144606975,-0.3182049441970126,0.3812827320113845,-0.5593392660360766,1.6720374209142608
"http://oaei.ontologymatching.org/2011/benchmarks/101/onto.rdf#Journal","=","http://oaei.ontologymatching.org/2011/benchmarks/101/onto.rdf#Article","c","FF",-0.057788265949465026,0.8620376229489894,1.3227529942501333,-0.35333735409538597,0.010807625095496489,-0.3422510368993909,1.566879333635854,0.6062197939747609,1.707848378093604,-0.4762251620322724,1.6094872477445907,1.4965895212283242
"http://oaei.ontologymatching.org/2011/benchmarks/101/onto.rdf#Report","=","http://oaei.ontologymatching.org/2011/benchmarks/101/onto.rdf#Chapter","c","FF",0.4269978087361873,-0.3055792208122645,0.5611168460424739,0.09372940001239916,0.9553171762170726,-0.3422510368993909,-0.05988741516439517,-0.48229196826408854,-0.32723816136640926,-0.4762251620322724,-0.062043355012254935,1.6303308599000506
"http://oaei.ontologymatching.org/2011/benchmarks/101/onto.rdf#InProceedings","=","http://oaei.ontologymatching.org/2011/benchmarks/101/onto.rdf#Proceedings","c","FF",4.790072480907058,3.8641304735703965,3.719550942480448,3.5785574320320577,4.261100605142589,3.8639191359311758,4.342769843104507,2.043609578888437,4.9225529218786495,-0.4762251620322724,4.1125267982164315,9.60896420494142
"http://oaei.ontologymatching.org/2011/benchmarks/101/onto.rdf#InBook","=","http://oaei.ontologymatching.org/2011/benchmarks/101/onto.rdf#Article","c","FF",0.11534961786683934,2.234046399918294,1.7062457628986514,0.09372940001239916,-0.6975745382456856,-0.3422510368993909,2.0331501159111287,-0.3822904673603571,-0.287535832053896,-0.4762251620322724,1.725549336745827,2.1796984267152357
"http://oaei.ontologymatching.org/2011/benchmarks/101/onto.rdf#Unpublished","=","http://oaei.ontologymatching.org/2011/benchmarks/101/onto.rdf#Publisher","c","FF",-0.6637708593065302,-0.611024249927282,1.0150584538950778,2.9895026936650986,-0.6975745382456856,3.5181969625026905,-0.4770241231750087,0.03724048239457155,-0.3592171929477134,-0.4762251620322724,-0.5593392660360766,3.9252236473255797
"http://oaei.ontologymatching.org/2011/benchmarks/101/onto.rdf#Article","=","http://oaei.ontologymatching.org/2011/benchmarks/101/onto.rdf#Manual","c","FF",-0.11838652528517149,1.6617305318087976,0.7125776814570698,0.21170534901306468,0.010807625095496489,-0.3422510368993909,0.3573425158900212,-0.5628401681040996,-0.3592171929477134,0.32003216815112356,-0.13400492026873348,1.4522712594062872
"http://oaei.ontologymatching.org/2011/benchmarks/101/onto.rdf#LectureNotes","=","http://oaei.ontologymatching.org/2011/benchmarks/101/onto.rdf#MotionPicture","c","FF",0.12951544472453697,0.23648655001336188,0.4589047394832143,-0.614126293991594,1.3685401048327626,1.8883468915629893,-0.32747601525943615,1.1343743421408687,-0.3592171929477134,-0.04747121501044424,-0.4272332380878774,1.8699631699992003
"http://oaei.ontologymatching.org/2011/benchmarks/101/onto.rdf#Article","=","http://oaei.ontologymatching.org/2011/benchmarks/101/onto.rdf#Booklet","c","FF",0.01795955822016817,1.5385704560421625,1.638415018165615,-0.614126293991594,0.7191897884366786,-0.3422510368993909,0.8260998684446039,-0.06641664837283309,-0.2026537938646576,-0.4762251620322724,0.07439968570304482,1.471732350684908
"http://oaei.ontologymatching.org/2011/benchmarks/101/onto.rdf#MastersThesis","=","http://oaei.ontologymatching.org/2011/benchmarks/101/onto.rdf#PhdThesis","c","FF",2.733076372612214,1.6265531118215573,3.719550942480448,-0.614126293991594,2.6082088906798306,2.6001138964280313,2.182502966258212,0.9539324723308856,1.157710612714806,0.3812827320113845,1.940688129426433,4.121829920217475
"http://oaei.ontologymatching.org/2011/benchmarks/101/onto.rdf#Chapter","=","http://oaei.ontologymatching.org/2011/benchmarks/101/onto.rdf#Collection","c","FF",0.01795955822016817,-0.08973268618728608,0.5275357183720196,0.09372940001239916,-0.20170702390685807,-0.12279868005605678,-0.13105968990204944,0.48336428987245583,0.26003700520816264,0.08115496909610445,-0.25114282366944934,1.2937327858827663
"http://oaei.ontologymatching.org/2011/benchmarks/101/onto.rdf#InCollection","=","http://oaei.ontologymatching.org/2011/benchmarks/101/onto.rdf#Institution","c","FF",0.4269978087361873,1.7541020495977566,-0.3974152650791561,0.2867809529225792,1.1055800593500509,1.923377282989695,-0.0636851768914587,-0.2632128161227588,-0.3592171929477134,0.45274172318168904,-0.07293735507853008,1.6640753931353514
"http://oaei.ontologymatching.org/2011/benchmarks/101/onto.rdf#InBook","=","http://oaei.ontologymatching.org/2011/benchmarks/101/onto.rdf#Chapter","c","FF",-0.2742106207198455,1.6265531118215573,0.70815548571268,2.6892002780270405,1.7817630334484518,2.6842622360498845,2.223694318687002,-0.11386938501797667,0.08979951966789647,-0.4762251620322724,1.32039443851684,2.7478917840141044
"http://oaei.ontologymatching.org/2011/benchmarks/101/onto.rdf#TechReport","=","http://oaei.ontologymatching.org/2011/benchmarks/101/onto.rdf#Date","c","FF",-0.13353609011909823,-0.21950407078725212,-0.028227714427716582,1.8633686350223821,0.5420942476013831,-0.3422510368993909,-0.4770241231750087,0.1028972257790641,-0.2897057063532773,-0.4762251620322724,-0.1641009212058853,2.053229087019659
"http://oaei.ontologymatching.org/2011/benchmarks/101/onto.rdf#Manual","=","http://oaei.ontologymatching.org/2011/benchmarks/101/onto.rdf#Article","c","FF",-0.11838652528517149,1.6617305318087976,0.7125776814570698,0.21170534901306468,0.010807625095496489,-0.3422510368993909,0.3573425158900212,-0.5628401681040996,-0.3592171929477134,0.32003216815112356,-0.13400492026873348,1.4522712594062872
"http://oaei.ontologymatching.org/2011/benchmarks/101/onto.rdf#Report","=","http://oaei.ontologymatching.org/2011/benchmarks/101/onto.rdf#TechReport","c","FF",2.2729140161930936,1.8055313071174242,1.3925841157764483,2.358867620825177,4.261100605142589,3.498165207858953,1.932872859964749,2.264980273569925,2.4688925336135523,0.6385351002244813,2.9445602821533043,5.3850342232678585
"http://oaei.ontologymatching.org/2011/benchmarks/101/onto.rdf#TechReport","=","http://oaei.ontologymatching.org/2011/benchmarks/101/onto.rdf#PersonList","c","FF",0.2405416261647825,0.4983193206993462,0.5165622457449076,-0.11862730818879873,-0.20170702390685807,-0.3422510368993909,-0.16434096292440453,-0.4920007563536594,-0.28837053435410803,0.030484048084434116,-0.15863294928367125,1.5443704227988149
"http://oaei.ontologymatching.org/2011/benchmarks/101/onto.rdf#Part","=","http://oaei.ontologymatching.org/2011/benchmarks/101/onto.rdf#Chapter","c","FF",2.452711049386948,1.6265531118215573,0.018716955873557848,0.09372940001239916,4.261100605142589,3.315288243822841,2.223694318687002,0.01398170272160046,0.2176636865220295,-0.4762251620322724,-0.4055223640353623,4.399763233406243
"http://oaei.ontologymatching.org/2011/benchmarks/101/onto.rdf#Journal","=","http://oaei.ontologymatching.org/2011/benchmarks/101/onto.rdf#Monograph","c","FF",0.6996899757468666,1.3051636097451638,2.2076358358003687,-0.35333735409538597,-0.6975745382456856,-0.3422510368993909,-0.4770241231750087,0.16614704178336262,-0.3226377680600134,-0.18286719828049475,-0.5593392660360766,2.281997058294446
"http://oaei.ontologymatching.org/2011/benchmarks/101/onto.rdf#Collection","=","http://oaei.ontologymatching.org/2011/benchmarks/101/onto.rdf#Reference","c","FF",0.01795955822016817,-0.10703908432798707,0.7345857490660815,-0.06357186532182155,-0.1466106334247662,-0.3422510368993909,0.7550035798243174,-0.3216835296113944,-0.3592171929477134,-0.4762251620322724,0.4922921957907308,1.3527589193656158
"http://oaei.ontologymatching.org/2011/benchmarks/101/onto.rdf#Report","=","http://oaei.ontologymatching.org/2011/benchmarks/101/onto.rdf#Monograph","c","FF",0.4269978087361873,1.5444466700654442,0.5407348089972671,-0.06357186532182155,-0.6975745382456856,-0.3422510368993909,-0.4770241231750087,-0.36454481314895676,-0.3168329381493069,0.14308609477703563,-0.5593392660360766,2.0250777123771067
"http://oaei.ontologymatching.org/2011/benchmarks/101/onto.rdf#Report","=","http://oaei.ontologymatching.org/2011/benchmarks/101/onto.rdf#Reference","c","FF",-0.057788265949465026,1.0745984481334774,0.14368447289212005,1.0375369920177233,0.1288713189856935,0.09665367678727686,-0.4258682337488272,-0.5628401681040996,-0.3592171929477134,1.381708608395651,-0.05399112423409975,1.7378418693217048
"http://oaei.ontologymatching.org/2011/benchmarks/101/onto.rdf#Deliverable","=","http://oaei.ontologymatching.org/2011/benchmarks/101/onto.rdf#Deliverable","c","FF",4.790072480907058,3.8641304735703965,3.7195509424804474,4.340863564036359,4.261100605142589,4.046796099967287,4.342769843104507,5.041734811942669,5.245931132852287,5.0975761492514975,4.1125267982164315,11.763306774098373
"http://oaei.ontologymatching.org/2011/benchmarks/101/onto.rdf#Collection","=","http://oaei.ontologymatching.org/2011/benchmarks/101/onto.rdf#Book","c","FF",-0.24424444852086968,-0.611024249927282,0.7196308817344919,-0.614126293991594,-0.6975745382456856,-0.3422510368993909,3.0222006455220973,0.9704877153350653,1.174267549313648,0.08115496909610445,3.0105222163444085,3.1380703800480614
"http://oaei.ontologymatching.org/2011/benchmarks/101/onto.rdf#Conference","=","http://oaei.ontologymatching.org/2011/benchmarks/101/onto.rdf#Proceedings","c","FF",-0.20928391428873133,-0.1974370060428645,1.0022277581780943,-0.1636726705345074,0.20400276055218258,-0.3422510368993909,-0.35149950117849965,-0.29874406796530284,-0.09509407588470764,0.030484048084434116,0.7402546925049015,1.5126263783280227
"http://oaei.ontologymatching.org/2011/benchmarks/101/onto.rdf#Report","=","http://oaei.ontologymatching.org/2011/benchmarks/101/onto.rdf#Part","c","FF",0.01795955822016817,-1.3419169724695527E-4,0.08715101471898672,0.6246211705153941,1.7817630334484518,-0.3422510368993909,-0.4770241231750087,0.40261636539788964,-0.3333171242923026,-0.4762251620322724,-0.5593392660360766,2.0222407141802363
"http://oaei.ontologymatching.org/2011/benchmarks/101/onto.rdf#Conference","=","http://oaei.ontologymatching.org/2011/benchmarks/101/onto.rdf#InCollection","c","FF",0.2452030307290676,1.176575320757075,-0.77599084790118,0.21170534901306468,0.29416049043196946,1.1984247560075767,-0.24844840182312708,-0.40779951959159927,-0.3592171929477134,-0.011741719425291376,-0.3289544495226522,1.726913038321435
"http://oaei.ontologymatching.org/2011/benchmarks/101/onto.rdf#Manual","=","http://oaei.ontologymatching.org/2011/benchmarks/101/onto.rdf#Manual","c","FF",4.790072480907058,3.8641304735703965,3.719550942480447,4.340863564036359,4.261100605142589,4.046796099967287,4.342769843104507,5.041734811942669,5.245931132852287,5.0975761492514975,4.1125267982164315,11.763306774098373
"http://oaei.ontologymatching.org/2011/benchmarks/101/onto.rdf#Date","=","http://oaei.ontologymatching.org/2011/benchmarks/101/onto.rdf#TechReport","c","FF",-0.13353609011909823,-0.21950407078725212,-0.028227714427716582,1.8633686350223821,0.5420942476013831,-0.3422510368993909,-0.4770241231750087,0.1028972257790641,-0.2897057063532773,-0.4762251620322724,-0.1641009212058853,2.053229087019659
"http://oaei.ontologymatching.org/2011/benchmarks/101/onto.rdf#Journal","=","http://oaei.ontologymatching.org/2011/benchmarks/101/onto.rdf#Collection","c","FF",0.11534961786683934,-0.158339661408133,0.31739257880993627,-0.614126293991594,-0.20170702390685807,-0.3422510368993909,0.7132699644629602,1.5944443760494607,-0.3352224527778091,0.08115496909610445,0.6647521325532189,1.5589931347483281
"http://oaei.ontologymatching.org/2011/benchmarks/101/onto.rdf#Collection","=","http://oaei.ontologymatching.org/2011/benchmarks/101/onto.rdf#InBook","c","FF",-0.24424444852086968,-0.611024249927282,0.7196308817344919,-0.11862730818879873,0.1288713189856935,-0.3422510368993909,3.0222006455220973,0.5573757778746291,0.7611133506691263,-0.4762251620322724,3.0105222163444085,2.821599358027595
"http://oaei.ontologymatching.org/2011/benchmarks/101/onto.rdf#Monograph","=","http://oaei.ontologymatching.org/2011/benchmarks/101/onto.rdf#Collection","c","FF",0.01795955822016817,-0.20114679406450933,0.9540643395599001,-0.614126293991594,0.40435327139615324,-0.3422510368993909,-0.4770241231750087,0.9914186595882574,1.2985750677772125,0.08115496909610445,-0.5593392660360766,1.9853107848020586
"http://oaei.ontologymatching.org/2011/benchmarks/101/onto.rdf#Publisher","=","http://oaei.ontologymatching.org/2011/benchmarks/101/onto.rdf#Part","c","FF",-0.11838652528517149,-0.05145441115832046,-0.8004824227812096,0.6246211705153941,0.5420942476013831,-0.12279868005605678,-0.4770241231750087,0.3718801751096752,-0.08593560864898221,0.14308609477703563,-0.29573577781215693,1.8482665721402878
"http://oaei.ontologymatching.org/2011/benchmarks/101/onto.rdf#InBook","=","http://oaei.ontologymatching.org/2011/benchmarks/101/onto.rdf#Journal","c","FF",-0.3001813032922911,-0.611024249927282,1.5633861771335318,-0.09254841419917799,-0.6975745382456856,-0.3422510368993909,3.3503716150977456,-0.5186006511568503,-0.3149731503157767,-0.4762251620322724,3.0237949681577327,3.4695638222746634
"http://oaei.ontologymatching.org/2011/benchmarks/101/onto.rdf#Publisher","=","http://oaei.ontologymatching.org/2011/benchmarks/101/onto.rdf#InBook","c","FF",-0.36077956262799765,-0.611024249927282,0.7095239440719484,-0.06357186532182155,-0.6975745382456856,-0.3422510368993909,-0.4770241231750087,0.22792471658810184,-0.22307389865671082,0.14308609477703563,1.9412570332522687,2.154029160228273
"http://oaei.ontologymatching.org/2011/benchmarks/101/onto.rdf#PhdThesis","=","http://oaei.ontologymatching.org/2011/benchmarks/101/onto.rdf#Academic","c","FF",-0.3839025826376752,-0.611024249927282,0.8146727214279206,-0.614126293991594,-0.6975745382456856,-0.3422510368993909,-0.43352811288376136,3.722825229303335,3.9268866262961906,-0.4762251620322724,-0.24559789100574472,4.737646528495457
"http://oaei.ontologymatching.org/2011/benchmarks/101/onto.rdf#Conference","=","http://oaei.ontologymatching.org/2011/benchmarks/101/onto.rdf#Reference","c","FF",-0.16796691928711321,-0.21721929716979177,-0.24034586624929824,0.37687167761399654,-0.4909630739378409,3.2822566390746917,-0.13396335789082212,-0.5628401681040996,-0.3592171929477134,-0.4762251620322724,-0.284745463692646,2.903633644783529
"http://oaei.ontologymatching.org/2011/benchmarks/101/onto.rdf#TechReport","=","http://oaei.ontologymatching.org/2011/benchmarks/101/onto.rdf#Chapter","c","FF",0.373974331817444,0.8893688688839663,0.6992090388684616,0.00524743826190005,0.5420942476013831,-0.3422510368993909,-0.05988741516439517,-0.3704779041324839,-0.16683525039431,0.08115496909610445,-0.1863673240661817,1.1966455277270733
"http://oaei.ontologymatching.org/2011/benchmarks/101/onto.rdf#Booklet","=","http://oaei.ontologymatching.org/2011/benchmarks/101/onto.rdf#Book","c","FF",2.0631508108002636,2.670199604027622,2.0729658484845173,4.340863564036359,2.1359541151190427,3.6876922433145594,2.831945771738489,0.603979475996272,-0.0065280558476611674,2.70880415870131,2.0322473942011268,5.614478382381642
"http://oaei.ontologymatching.org/2011/benchmarks/101/onto.rdf#InCollection","=","http://oaei.ontologymatching.org/2011/benchmarks/101/onto.rdf#Journal","c","FF",0.11534961786683934,-0.158339661408133,0.31739257880993627,-0.09254841419917799,0.010807625095496489,-0.3422510368993909,0.5184019146011205,1.4699840092758674,-0.3238377898205484,-0.4762251620322724,-0.023336975178539235,1.5176782120907784
"http://oaei.ontologymatching.org/2011/benchmarks/101/onto.rdf#Collection","=","http://oaei.ontologymatching.org/2011/benchmarks/101/onto.rdf#Conference","c","FF",0.2452030307290676,1.176575320757075,-0.77599084790118,-0.11862730818879873,0.1288713189856935,0.09665367678727686,-0.24844840182312708,-0.16425011872558712,-0.3592171929477134,1.1959152313528587,-0.3289544495226522,1.9303549373612765
"http://oaei.ontologymatching.org/2011/benchmarks/101/onto.rdf#InProceedings","=","http://oaei.ontologymatching.org/2011/benchmarks/101/onto.rdf#Article","c","FF",-0.24424444852086968,-0.18167964551198765,0.26411822145690667,0.09372940001239916,-0.31613798875427984,-0.3422510368993909,-0.4770241231750087,2.55077363846506,1.630533694546047,-0.04747121501044424,-0.4244482060266365,2.637397981610097
"http://oaei.ontologymatching.org/2011/benchmarks/101/onto.rdf#Journal","=","http://oaei.ontologymatching.org/2011/benchmarks/101/onto.rdf#Publisher","c","FF",-0.20928391428873133,-0.24243643466987633,1.5403631298062672,-0.614126293991594,-0.1466106334247662,-0.3422510368993909,1.4924872010401342,0.7840928742759139,-0.3592171929477134,-0.4762251620322724,2.158131080064394,1.9843301311791897
"http://oaei.ontologymatching.org/2011/benchmarks/101/onto.rdf#Monograph","=","http://oaei.ontologymatching.org/2011/benchmarks/101/onto.rdf#Report","c","FF",0.4269978087361873,1.5444466700654442,0.5407348089972671,-0.06357186532182155,-0.6975745382456856,-0.3422510368993909,-0.4770241231750087,-0.36454481314895665,-0.3168329381493069,0.14308609477703563,-0.5593392660360766,2.0250777123771067
"http://oaei.ontologymatching.org/2011/benchmarks/101/onto.rdf#Collection","=","http://oaei.ontologymatching.org/2011/benchmarks/101/onto.rdf#MotionPicture","c","FF",0.03861805572097719,-0.340145277946912,-0.1401800415669719,-0.23297322798944378,0.8281716597199376,1.656812644265297,-0.45220456507040485,-0.5313790795094833,-0.32775288589646084,0.3812827320113845,-0.5593392660360766,2.1254972272745323
"http://oaei.ontologymatching.org/2011/benchmarks/101/onto.rdf#Chapter","=","http://oaei.ontologymatching.org/2011/benchmarks/101/onto.rdf#Article","c","FF",0.06665458804350376,1.0416250915993184,2.1225221449029346,1.243994902768888,1.427571951777861,1.8924775434747116,1.0378290617900678,-0.22732028556499506,-0.09158618116982187,-0.4762251620322724,1.4811888533518414,1.5236834600605058
"http://oaei.ontologymatching.org/2011/benchmarks/101/onto.rdf#Institution","=","http://oaei.ontologymatching.org/2011/benchmarks/101/onto.rdf#TechReport","c","FF",0.2906517252308475,1.0962512566429616,0.16098565194094933,-0.1636726705345074,-0.2467858888467515,-0.3422510368993909,-0.4770241231750087,0.9036290759062762,0.8424990908550614,-0.4762251620322724,-0.5593392660360766,1.759458156408007
"http://oaei.ontologymatching.org/2011/benchmarks/101/onto.rdf#Institution","=","http://oaei.ontologymatching.org/2011/benchmarks/101/onto.rdf#InCollection","c","FF",0.4269978087361873,1.7541020495977566,-0.3974152650791561,0.2867809529225792,1.1055800593500509,1.923377282989695,-0.0636851768914587,-0.2632128161227588,-0.3592171929477134,0.45274172318168904,-0.07293735507853008,1.6640753931353514
"http://oaei.ontologymatching.org/2011/benchmarks/101/onto.rdf#MastersThesis","=","http://oaei.ontologymatching.org/2011/benchmarks/101/onto.rdf#Chapter","c","FF",0.12951544472453697,0.1203600318032743,0.5229478772727026,-0.614126293991594,-0.31613798875427984,1.5062709895086461,-0.0840401959868532,-0.5129368535124078,-0.30930877326712636,-0.04747121501044424,-0.13561002685957724,1.7256598972862416
"http://oaei.ontologymatching.org/2011/benchmarks/101/onto.rdf#Chapter","=","http://oaei.ontologymatching.org/2011/benchmarks/101/onto.rdf#Book","c","FF",2.452711049386948,1.6265531118215573,0.70815548571268,4.340863564036359,1.7817630334484518,3.60789138628062,2.223694318687002,-0.012310879050597072,0.19136841502935292,2.3106754936096126,-0.40210446823761703,4.98897036425455
"http://oaei.ontologymatching.org/2011/benchmarks/101/onto.rdf#PersonList","=","http://oaei.ontologymatching.org/2011/benchmarks/101/onto.rdf#Part","c","FF",-0.05021348353250166,-0.28917832065346655,0.16295841376169634,0.6246211705153941,0.5420942476013831,-0.12279868005605678,-0.4770241231750087,-0.39474237088379727,-0.1911021993907563,0.6385351002244813,-0.5371292610235415,1.8561629145881318
"http://oaei.ontologymatching.org/2011/benchmarks/101/onto.rdf#Address","=","http://oaei.ontologymatching.org/2011/benchmarks/101/onto.rdf#Address","c","FF",4.790072480907058,3.8641304735703965,3.719550942480448,4.340863564036359,4.261100605142589,4.046796099967287,4.342769843104507,5.041734811942667,5.245931132852286,5.0975761492514975,4.1125267982164315,11.763306774098373
"http://oaei.ontologymatching.org/2011/benchmarks/101/onto.rdf#MotionPicture","=","http://oaei.ontologymatching.org/2011/benchmarks/101/onto.rdf#TechReport","c","FF",0.7089862996222307,0.555301202279471,0.3190420289823267,-0.23297322798944378,0.29416049043196946,-0.3422510368993909,-0.15475759990672236,-0.5218321144606975,-0.3182049441970126,0.3812827320113845,-0.5593392660360766,1.6720374209142608
"http://oaei.ontologymatching.org/2011/benchmarks/101/onto.rdf#Article","=","http://oaei.ontologymatching.org/2011/benchmarks/101/onto.rdf#InProceedings","c","FF",-0.24424444852086968,-0.18167964551198765,0.26411822145690667,0.09372940001239916,-0.31613798875427984,-0.3422510368993909,-0.4770241231750087,2.55077363846506,1.630533694546047,-0.04747121501044424,-0.4244482060266365,2.637397981610097
"http://oaei.ontologymatching.org/2011/benchmarks/101/onto.rdf#Conference","=","http://oaei.ontologymatching.org/2011/benchmarks/101/onto.rdf#Collection","c","FF",0.2452030307290676,1.176575320757075,-0.77599084790118,0.37687167761399654,0.29416049043196946,0.09665367678727686,-0.24844840182312708,-0.16425011872558712,-0.3592171929477134,1.1959152313528587,-0.3289544495226522,1.8292510850256996
"http://oaei.ontologymatching.org/2011/benchmarks/101/onto.rdf#Booklet","=","http://oaei.ontologymatching.org/2011/benchmarks/101/onto.rdf#Manual","c","FF",0.4269978087361873,2.1060112498784522,0.41841780248381005,-0.614126293991594,0.010807625095496489,-0.3422510368993909,1.6410878929650405,-0.5628401681040996,-0.3592171929477134,-0.4762251620322724,1.4739521070837005,1.8413348650568486
"http://oaei.ontologymatching.org/2011/benchmarks/101/onto.rdf#Part","=","http://oaei.ontologymatching.org/2011/benchmarks/101/onto.rdf#PageRange","c","FF",0.2711737133015133,1.0941855906675257,-0.1068857290862809,1.8633686350223821,-0.6975745382456856,0.09665367678727686,-0.06937722296833798,-0.37356214319215514,-0.16991980497038942,0.7623973515863429,-0.5593392660360766,2.023853087937113
"http://oaei.ontologymatching.org/2011/benchmarks/101/onto.rdf#Reference","=","http://oaei.ontologymatching.org/2011/benchmarks/101/onto.rdf#LectureNotes","c","FF",-0.41586888929682175,-0.41891340204043126,-0.09167280411155736,0.21170534901306468,-0.28435160962999606,1.3441808679065248,-0.296303630809796,-0.5628401681040996,-0.3592171929477134,-0.011741719425291376,1.7557132135065459,1.9774884612084822
"http://oaei.ontologymatching.org/2011/benchmarks/101/onto.rdf#School","=","http://oaei.ontologymatching.org/2011/benchmarks/101/onto.rdf#Institution","c","FF",1.1541769207646655,3.5669745707800504,0.7808452890531457,-0.1636726705345074,-0.6975745382456856,-0.3422510368993909,2.489277110620436,-0.3131962718681056,-0.3592171929477134,-0.4762251620322724,2.591633846096593,3.3124653778816446
"http://oaei.ontologymatching.org/2011/benchmarks/101/onto.rdf#InBook","=","http://oaei.ontologymatching.org/2011/benchmarks/101/onto.rdf#InCollection","c","FF",-0.24424444852086968,-0.611024249927282,0.7196308817344919,1.0375369920177233,0.1288713189856935,0.09665367678727686,3.0222006455220973,0.4792785804008113,0.6830081638835999,0.91722516578867,3.0105222163444085,2.6710913971086327
"http://oaei.ontologymatching.org/2011/benchmarks/101/onto.rdf#Collection","=","http://oaei.ontologymatching.org/2011/benchmarks/101/onto.rdf#Monograph","c","FF",0.01795955822016817,-0.20114679406450933,0.9540643395599001,-0.614126293991594,0.40435327139615324,-0.3422510368993909,-0.4770241231750087,0.9914186595882574,1.2985750677772125,0.08115496909610445,-0.5593392660360766,1.9853107848020586
"http://oaei.ontologymatching.org/2011/benchmarks/101/onto.rdf#School","=","http://oaei.ontologymatching.org/2011/benchmarks/101/onto.rdf#School","c","FF",4.790072480907058,3.8641304735703965,3.719550942480448,4.340863564036359,4.261100605142589,4.046796099967287,4.342769843104507,5.041734811942668,5.245931132852287,5.0975761492514975,4.1125267982164315,11.763306774098373
"http://oaei.ontologymatching.org/2011/benchmarks/101/onto.rdf#Part","=","http://oaei.ontologymatching.org/2011/benchmarks/101/onto.rdf#PersonList","c","FF",-0.05021348353250166,-0.28917832065346655,0.16295841376169634,0.6246211705153941,0.5420942476013831,-0.12279868005605678,-0.4770241231750087,-0.39474237088379727,-0.1911021993907563,0.53719325820114,-0.5371292610235415,1.8435939431639583
"http://oaei.ontologymatching.org/2011/benchmarks/101/onto.rdf#Publisher","=","http://oaei.ontologymatching.org/2011/benchmarks/101/onto.rdf#Collection","c","FF",0.01795955822016817,1.2220395294624538,0.1968423285463832,-0.614126293991594,-0.6975745382456856,-0.3422510368993909,-0.09424380556287244,0.4405376820490887,-0.06586240450121185,0.08115496909610445,0.32609841582749005,1.5793265334937785
"http://oaei.ontologymatching.org/2011/benchmarks/101/onto.rdf#Institution","=","http://oaei.ontologymatching.org/2011/benchmarks/101/onto.rdf#Publisher","c","FF",0.2452030307290676,1.8115858346878284,0.48743196726399474,-0.06357186532182155,-0.6975745382456856,-0.3422510368993909,0.4065321074219085,-0.5628401681040996,-0.3592171929477134,0.030484048084434116,-0.06619363094628818,1.72957430486592
"http://oaei.ontologymatching.org/2011/benchmarks/101/onto.rdf#Date","=","http://oaei.ontologymatching.org/2011/benchmarks/101/onto.rdf#Part","c","FF",0.2452030307290676,-0.029531827363720807,0.018789592097254046,-0.614126293991594,0.5420942476013831,-0.3422510368993909,0.11130212521257693,-0.3337647358386737,-0.23436424245797116,0.91722516578867,-0.3723684702262302,1.823799653635659
"http://oaei.ontologymatching.org/2011/benchmarks/101/onto.rdf#InBook","=","http://oaei.ontologymatching.org/2011/benchmarks/101/onto.rdf#Manual","c","FF",0.6996899757468666,2.876457902062822,-0.006805482772211089,-0.614126293991594,-0.6975745382456856,-0.3422510368993909,0.6918553816242814,-0.5628401681040996,-0.3592171929477134,-0.4762251620322724,0.3876852484720384,2.419636940775162
"http://oaei.ontologymatching.org/2011/benchmarks/101/onto.rdf#MotionPicture","=","http://oaei.ontologymatching.org/2011/benchmarks/101/onto.rdf#MotionPicture","c","FF",4.790072480907058,3.8641304735703965,3.719550942480448,4.340863564036359,4.261100605142589,4.046796099967287,1.932872859964749,5.041734811942667,1.1688446679534892,5.0975761492514975,4.1125267982164315,10.383191685071207
"http://oaei.ontologymatching.org/2011/benchmarks/101/onto.rdf#Academic","=","http://oaei.ontologymatching.org/2011/benchmarks/101/onto.rdf#PhdThesis","c","FF",-0.3839025826376752,-0.611024249927282,0.8146727214279206,-0.614126293991594,-0.6975745382456856,-0.3422510368993909,-0.43352811288376136,2.5654979519224845,3.9268866262961906,-0.4762251620322724,-0.24559789100574472,4.189829685322333
"http://oaei.ontologymatching.org/2011/benchmarks/101/onto.rdf#Publisher","=","http://oaei.ontologymatching.org/2011/benchmarks/101/onto.rdf#Institution","c","FF",0.2452030307290676,1.8115858346878284,0.48743196726399474,-0.06357186532182155,-0.6975745382456856,-0.3422510368993909,0.4065321074219085,-0.5628401681040996,-0.3592171929477134,0.030484048084434116,-0.06619363094628818,1.72957430486592
"http://oaei.ontologymatching.org/2011/benchmarks/101/onto.rdf#Chapter","=","http://oaei.ontologymatching.org/2011/benchmarks/101/onto.rdf#Journal","c","FF",-0.09241584271272593,1.6863772117326765,0.39549679044479275,-0.614126293991594,0.010807625095496489,-0.3422510368993909,1.4366737459613685,-0.5352437190442554,-0.331617920782294,0.91722516578867,0.1733976534270771,1.7111196971053393
"http://oaei.ontologymatching.org/2011/benchmarks/101/onto.rdf#Publisher","=","http://oaei.ontologymatching.org/2011/benchmarks/101/onto.rdf#Publisher","c","FF",4.790072480907058,3.8641304735703965,3.7195509424804474,4.340863564036359,4.261100605142589,4.046796099967287,4.342769843104507,5.041734811942669,5.245931132852287,5.0975761492514975,4.1125267982164315,11.763306774098373
"http://oaei.ontologymatching.org/2011/benchmarks/101/onto.rdf#PageRange","=","http://oaei.ontologymatching.org/2011/benchmarks/101/onto.rdf#InBook","c","FF",-0.10377801633817085,-0.4279809305325901,0.26263398359535617,-0.614126293991594,-0.6975745382456856,-0.3422510368993909,0.18570955558050772,2.2440338089684784,2.875953495668278,-0.4762251620322724,0.9424235639696363,3.0498854900945824
"http://oaei.ontologymatching.org/2011/benchmarks/101/onto.rdf#Article","=","http://oaei.ontologymatching.org/2011/benchmarks/101/onto.rdf#Chapter","c","FF",0.06665458804350376,1.0416250915993184,2.1225221449029346,1.243994902768888,1.427571951777861,1.8924775434747116,1.4694543580913124,-0.22732028556499506,-0.09158618116982187,-0.4762251620322724,1.4811888533518414,1.5879182832625451
"http://oaei.ontologymatching.org/2011/benchmarks/101/onto.rdf#Chapter","=","http://oaei.ontologymatching.org/2011/benchmarks/101/onto.rdf#PersonList","c","FF",0.49517085048885723,0.2892729464405113,1.2144576852561377,0.00524743826190005,0.20400276055218258,-0.3422510368993909,-0.08413653873478945,-0.4088183909009013,-0.20517965937901386,-0.4762251620322724,0.290127501299754,1.3074920307724511
"http://oaei.ontologymatching.org/2011/benchmarks/101/onto.rdf#Part","=","http://oaei.ontologymatching.org/2011/benchmarks/101/onto.rdf#InCollection","c","FF",0.4269978087361873,0.16835464946874434,0.33544055500954734,-0.614126293991594,-0.28435160962999606,-0.3422510368993909,-0.11524376850026175,1.7382419855494975,1.0748713125107716,-0.4762251620322724,-0.25114282366944934,1.9346669652288861
"http://oaei.ontologymatching.org/2011/benchmarks/101/onto.rdf#Informal","=","http://oaei.ontologymatching.org/2011/benchmarks/101/onto.rdf#Informal","c","FF",4.790072480907058,3.8641304735703965,3.719550942480448,4.340863564036359,4.261100605142589,4.046796099967287,4.342769843104507,5.041734811942669,5.245931132852287,5.0975761492514975,4.1125267982164315,11.763306774098373
"http://oaei.ontologymatching.org/2011/benchmarks/101/onto.rdf#Informal","=","http://oaei.ontologymatching.org/2011/benchmarks/101/onto.rdf#Unpublished","c","FF",-0.6637708593065302,-0.611024249927282,-0.09485839307897138,-0.1636726705345074,-0.2467858888467515,-0.3422510368993909,-0.4770241231750087,2.6723452820958156,1.5340587152319873,0.030484048084434116,-0.5593392660360766,3.0619618847791488
"http://oaei.ontologymatching.org/2011/benchmarks/101/onto.rdf#InBook","=","http://oaei.ontologymatching.org/2011/benchmarks/101/onto.rdf#InBook","c","FF",4.790072480907058,3.8641304735703965,3.719550942480448,4.340863564036359,4.261100605142589,4.046796099967287,4.342769843104507,5.041734811942669,5.245931132852287,5.0975761492514975,4.1125267982164315,11.763306774098373
"http://oaei.ontologymatching.org/2011/benchmarks/101/onto.rdf#Book","=","http://oaei.ontologymatching.org/2011/benchmarks/101/onto.rdf#Publisher","c","FF",-0.36077956262799765,-0.611024249927282,0.7095239440719484,-0.06357186532182155,-0.6975745382456856,-0.3422510368993909,-0.14671261461823581,2.032524923991772,-0.1150541401086597,-0.4762251620322724,1.9412570332522687,2.404626420409639
"http://oaei.ontologymatching.org/2011/benchmarks/101/onto.rdf#Collection","=","http://oaei.ontologymatching.org/2011/benchmarks/101/onto.rdf#Institution","c","FF",0.4269978087361873,1.7541020495977566,-0.3974152650791561,-0.11862730818879873,1.2858955191096244,1.7986097930523097,-0.0636851768914587,-0.35962926506123516,-0.3592171929477134,-0.4762251620322724,-0.07293735507853008,1.8398297069596605
"http://oaei.ontologymatching.org/2011/benchmarks/101/onto.rdf#Chapter","=","http://oaei.ontologymatching.org/2011/benchmarks/101/onto.rdf#PageRange","c","FF",-0.18862541678792225,1.2772289100622174,0.12302032662209851,0.6246211705153941,0.40435327139615324,-0.3422510368993909,0.28905174353105206,-0.3894117337966455,-0.185771016981587,0.14308609477703563,-0.5582487237250242,1.474404140963785
"http://oaei.ontologymatching.org/2011/benchmarks/101/onto.rdf#Part","=","http://oaei.ontologymatching.org/2011/benchmarks/101/onto.rdf#Publisher","c","FF",-0.11838652528517149,-0.05145441115832046,-0.8004824227812096,0.6246211705153941,0.5420942476013831,-0.12279868005605678,-0.4770241231750087,0.371880175109675,-0.08593560864898221,0.14308609477703563,-0.29573577781215693,1.8482665721402878
"http://oaei.ontologymatching.org/2011/benchmarks/101/onto.rdf#TechReport","=","http://oaei.ontologymatching.org/2011/benchmarks/101/onto.rdf#Report","c","FF",2.2729140161930936,1.8055313071174242,1.3925841157764483,2.358867620825177,4.261100605142589,3.498165207858953,1.932872859964749,1.5658577377566936,1.049037297228278,0.6385351002244813,2.9445602821533043,4.931204700364357
"http://oaei.ontologymatching.org/2011/benchmarks/101/onto.rdf#PersonList","=","http://oaei.ontologymatching.org/2011/benchmarks/101/onto.rdf#Chapter","c","FF",0.49517085048885723,0.2892729464405113,-0.0971016283643583,0.09372940001239916,0.20400276055218258,-0.3422510368993909,-0.16697178473181587,-0.4088183909009013,-0.20517965937901386,-0.4762251620322724,0.290127501299754,1.4465447695338534
"http://oaei.ontologymatching.org/2011/benchmarks/101/onto.rdf#Book","=","http://oaei.ontologymatching.org/2011/benchmarks/101/onto.rdf#InCollection","c","FF",-0.24424444852086968,-0.611024249927282,0.7196308817344919,-0.614126293991594,-0.6975745382456856,-0.3422510368993909,3.0222006455220973,1.0363925523683128,0.12180284787968516,-0.4762251620322724,3.0105222163444085,3.1552472828702216
"http://oaei.ontologymatching.org/2011/benchmarks/101/onto.rdf#Address","=","http://oaei.ontologymatching.org/2011/benchmarks/101/onto.rdf#Conference","c","FF",-0.20928391428873133,-0.2201655937155292,-0.5199536631348411,-0.40766838324042937,0.010807625095496489,-0.3422510368993909,0.22305737865152273,0.8173597743753295,0.7909697311221441,0.08115496909610445,0.027977008205658644,1.7117630756463402
"http://oaei.ontologymatching.org/2011/benchmarks/101/onto.rdf#Reference","=","http://oaei.ontologymatching.org/2011/benchmarks/101/onto.rdf#Conference","c","FF",-0.16796691928711321,-0.21721929716979177,-0.24034586624929824,0.37687167761399654,3.1591727955007505,3.2822566390746917,-0.23666335362330512,-0.5628401681040996,-0.3592171929477134,-0.4762251620322724,-0.284745463692646,3.560314903880748
"http://oaei.ontologymatching.org/2011/benchmarks/101/onto.rdf#Book","=","http://oaei.ontologymatching.org/2011/benchmarks/101/onto.rdf#Chapter","c","FF",2.452711049386948,1.6265531118215573,1.5886342227602648,4.340863564036359,1.7817630334484518,3.60789138628062,2.223694318687002,0.5499098744532731,0.7536466834888705,2.3106754936096126,1.32039443851684,4.899992260430524
"http://oaei.ontologymatching.org/2011/benchmarks/101/onto.rdf#Address","=","http://oaei.ontologymatching.org/2011/benchmarks/101/onto.rdf#Date","c","FF",0.01795955822016817,-0.20118260124150247,0.24871135465139962,0.6246211705153941,0.010807625095496489,-0.3422510368993909,0.5152808817879493,-0.33167466243260496,-0.2157882468546626,-0.4762251620322724,0.4698908070618227,1.3051233646686935
"http://oaei.ontologymatching.org/2011/benchmarks/101/onto.rdf#Article","=","http://oaei.ontologymatching.org/2011/benchmarks/101/onto.rdf#TechReport","c","FF",-0.07943050142650307,0.407992003747887,-0.24931635495873936,0.09372940001239916,0.7191897884366786,-0.3422510368993909,0.44359544938621853,-0.3089163237123699,-0.18223922410951252,-0.4762251620322724,0.7768903724062184,1.2409577489266241
"http://oaei.ontologymatching.org/2011/benchmarks/101/onto.rdf#PersonList","=","http://oaei.ontologymatching.org/2011/benchmarks/101/onto.rdf#TechReport","c","FF",0.2405416261647825,0.4983193206993462,0.5165622457449076,-0.11862730818879873,-0.20170702390685807,-0.3422510368993909,-0.16434096292440453,-0.4920007563536594,-0.28837053435410803,0.6385351002244813,-0.15863294928367125,1.568181509646824
"http://oaei.ontologymatching.org/2011/benchmarks/101/onto.rdf#Date","=","http://oaei.ontologymatching.org/2011/benchmarks/101/onto.rdf#Address","c","FF",0.01795955822016817,-0.20118260124150247,0.24871135465139962,0.6246211705153941,0.010807625095496489,-0.3422510368993909,0.5152808817879493,-0.33167466243260496,-0.2157882468546626,-0.4762251620322724,0.4698908070618227,1.3051233646686935
"http://oaei.ontologymatching.org/2011/benchmarks/101/onto.rdf#TechReport","=","http://oaei.ontologymatching.org/2011/benchmarks/101/onto.rdf#Part","c","FF",-0.05021348353250166,-0.08000036349657647,-0.3878423465365223,0.6246211705153941,1.7817630334484518,-0.3422510368993909,-0.4770241231750087,0.6927669131552393,-0.20340554782249085,-0.4762251620322724,-0.5593392660360766,2.1707528540037146
"http://oaei.ontologymatching.org/2011/benchmarks/101/onto.rdf#PageRange","=","http://oaei.ontologymatching.org/2011/benchmarks/101/onto.rdf#Part","c","FF",0.2711737133015133,1.0941855906675257,-0.1068857290862809,1.8633686350223821,-0.6975745382456856,0.09665367678727686,-0.06937722296833798,-0.37356214319215514,-0.16991980497038942,0.7623973515863429,-0.5593392660360766,2.023853087937113
"http://oaei.ontologymatching.org/2011/benchmarks/101/onto.rdf#InBook","=","http://oaei.ontologymatching.org/2011/benchmarks/101/onto.rdf#Publisher","c","FF",-0.36077956262799765,-0.611024249927282,0.7095239440719484,-0.06357186532182155,-0.6975745382456856,-0.3422510368993909,-0.14671261461823581,0.22792471658810168,-0.22307389865671082,0.14308609477703563,1.9412570332522687,2.027368511367325
"http://oaei.ontologymatching.org/2011/benchmarks/101/onto.rdf#Book","=","http://oaei.ontologymatching.org/2011/benchmarks/101/onto.rdf#Manual","c","FF",0.6996899757468666,2.876457902062822,-0.006805482772211089,-0.614126293991594,-0.6975745382456856,-0.3422510368993909,0.6918553816242814,-0.5628401681040996,-0.3592171929477134,-0.4762251620322724,0.3876852484720384,2.419636940775162
"http://oaei.ontologymatching.org/2011/benchmarks/101/onto.rdf#Monograph","=","http://oaei.ontologymatching.org/2011/benchmarks/101/onto.rdf#Monograph","c","FF",4.790072480907058,3.8641304735703965,3.719550942480447,4.340863564036359,4.261100605142589,4.046796099967287,4.342769843104507,5.041734811942669,5.245931132852287,5.0975761492514975,4.1125267982164315,11.763306774098373
"http://oaei.ontologymatching.org/2011/benchmarks/101/onto.rdf#Part","=","http://oaei.ontologymatching.org/2011/benchmarks/101/onto.rdf#Date","c","FF",0.2452030307290676,-0.029531827363720807,0.018789592097254046,-0.614126293991594,0.5420942476013831,-0.3422510368993909,0.11130212521257693,-0.3337647358386737,-0.23436424245797116,0.91722516578867,-0.3723684702262302,1.823799653635659
"http://oaei.ontologymatching.org/2011/benchmarks/101/onto.rdf#Institution","=","http://oaei.ontologymatching.org/2011/benchmarks/101/onto.rdf#Conference","c","FF",0.2452030307290676,1.5301579420880056,-0.5551941083463237,-0.1636726705345074,0.1288713189856935,1.267914679072056,-0.3532309055510702,0.24222992449014638,0.4459352579913289,-0.4762251620322724,-0.1600622748955338,1.5645521129902789
"http://oaei.ontologymatching.org/2011/benchmarks/101/onto.rdf#Journal","=","http://oaei.ontologymatching.org/2011/benchmarks/101/onto.rdf#Chapter","c","FF",-0.09241584271272593,1.6863772117326765,0.6440628519333083,-0.614126293991594,0.010807625095496489,-0.3422510368993909,1.2016338899142396,-0.5352437190442554,-0.331617920782294,0.11049076547128228,0.1733976534270771,1.5609425021457266
"http://oaei.ontologymatching.org/2011/benchmarks/101/onto.rdf#Part","=","http://oaei.ontologymatching.org/2011/benchmarks/101/onto.rdf#Part","c","FF",4.790072480907058,3.8641304735703965,3.719550942480448,4.340863564036359,4.261100605142589,4.046796099967287,4.342769843104507,5.041734811942669,5.245931132852287,5.0975761492514975,4.1125267982164315,11.763306774098373
"http://oaei.ontologymatching.org/2011/benchmarks/101/onto.rdf#TechReport","=","http://oaei.ontologymatching.org/2011/benchmarks/101/onto.rdf#Publisher","c","FF",-0.15101635723516735,0.44897470692954183,-0.3136120302109984,-0.11862730818879873,-0.20170702390685807,-0.3422510368993909,-0.4770241231750087,0.5493177155028209,-0.2287503900636623,0.08115496909610445,1.1894414380684422,1.5844618735916618
"http://oaei.ontologymatching.org/2011/benchmarks/101/onto.rdf#Report","=","http://oaei.ontologymatching.org/2011/benchmarks/101/onto.rdf#Publisher","c","FF",-0.24424444852086968,-0.18804884116390877,0.12503601869181707,0.21170534901306468,0.1288713189856935,-0.3422510368993909,-0.4770241231750087,0.06008845782788813,-0.3592171929477134,-0.4762251620322724,1.7723683394366152,1.8029189366604466
"http://oaei.ontologymatching.org/2011/benchmarks/101/onto.rdf#Institution","=","http://oaei.ontologymatching.org/2011/benchmarks/101/onto.rdf#Institution","c","FF",4.790072480907058,3.8641304735703965,3.719550942480448,4.340863564036359,4.261100605142589,4.046796099967287,4.342769843104507,3.9408735794845193,5.245931132852287,5.0975761492514975,4.1125267982164315,11.41941141116364
"http://oaei.ontologymatching.org/2011/benchmarks/101/onto.rdf#Reference","=","http://oaei.ontologymatching.org/2011/benchmarks/101/onto.rdf#Address","c","FF",-0.057788265949465026,0.9773572232380168,-0.02444462593320036,0.8015850940163923,0.010807625095496489,-0.3422510368993909,0.3068830656235592,-0.3737125300005144,-0.3592171929477134,-0.4762251620322724,0.0014743185600294608,1.4024252215568866
"http://oaei.ontologymatching.org/2011/benchmarks/101/onto.rdf#InCollection","=","http://oaei.ontologymatching.org/2011/benchmarks/101/onto.rdf#Chapter","c","FF",0.01795955822016817,-0.08973268618728608,-0.36042472982113444,-0.20121047248926466,-0.28435160962999606,-0.3422510368993909,-0.13105968990204944,3.0722550135736975,3.2762498574966594,-0.4762251620322724,0.2178687095522813,3.617436694268549
"http://oaei.ontologymatching.org/2011/benchmarks/101/onto.rdf#Report","=","http://oaei.ontologymatching.org/2011/benchmarks/101/onto.rdf#Journal","c","FF",0.6996899757468666,1.738478254411306,0.6264514281327658,0.09372940001239916,0.1288713189856935,-0.3422510368993909,0.08296892738498043,-0.20468167265526463,-0.3410591612937097,-0.4762251620322724,0.09570796039949232,1.321657639977412
"http://oaei.ontologymatching.org/2011/benchmarks/101/onto.rdf#Article","=","http://oaei.ontologymatching.org/2011/benchmarks/101/onto.rdf#Article","c","FF",4.790072480907058,3.8641304735703965,3.719550942480448,4.340863564036359,4.261100605142589,4.046796099967287,4.342769843104507,5.041734811942669,5.245931132852287,5.0975761492514975,4.1125267982164315,11.763306774098373
"http://oaei.ontologymatching.org/2011/benchmarks/101/onto.rdf#MotionPicture","=","http://oaei.ontologymatching.org/2011/benchmarks/101/onto.rdf#PersonList","c","FF",0.5872487250638915,0.9579802783481474,0.5099443172853044,-0.23297322798944378,-0.20170702390685807,-0.3422510368993909,-0.2144517368773441,-0.5162958476833488,-0.31266811106181225,1.2387906260550414,-0.551623336576994,1.9194752735071114
"http://oaei.ontologymatching.org/2011/benchmarks/101/onto.rdf#Book","=","http://oaei.ontologymatching.org/2011/benchmarks/101/onto.rdf#Book","c","FF",4.790072480907058,3.8641304735703965,3.719550942480448,4.340863564036359,4.261100605142589,4.046796099967287,4.342769843104507,0.7133688176306817,0.9171223484500423,5.0975761492514975,4.1125267982164315,9.95980138794824
"http://oaei.ontologymatching.org/2011/benchmarks/101/onto.rdf#Part","=","http://oaei.ontologymatching.org/2011/benchmarks/101/onto.rdf#Article","c","FF",0.01795955822016817,-0.03942504442320221,-0.19210581641449903,3.10211609952937,1.427571951777861,2.68952742500479,0.04250800766900704,-0.29109998200982795,-0.14246073608812243,-0.4762251620322724,-0.24135307623232277,3.0482914901780616
"http://oaei.ontologymatching.org/2011/benchmarks/101/onto.rdf#Report","=","http://oaei.ontologymatching.org/2011/benchmarks/101/onto.rdf#PersonList","c","FF",-0.15101635723516735,0.3138323845082032,0.3560989813555225,0.21170534901306468,0.1288713189856935,-0.3422510368993909,0.14834219732619966,-0.4592383900195708,-0.3180854911862211,0.08115496909610445,0.011061273921206627,1.344101954279648
"http://oaei.ontologymatching.org/2011/benchmarks/101/onto.rdf#Publisher","=","http://oaei.ontologymatching.org/2011/benchmarks/101/onto.rdf#PersonList","c","FF",-0.27221287590658044,-0.39180160206277914,0.478618214031178,-0.06357186532182155,0.20400276055218258,1.6286492965634751,0.25377717258510407,-0.42501864956657137,-0.22138157532459188,0.030484048084434116,0.6263881601433128,1.385209259891016
"http://oaei.ontologymatching.org/2011/benchmarks/101/onto.rdf#Chapter","=","http://oaei.ontologymatching.org/2011/benchmarks/101/onto.rdf#Monograph","c","FF",0.4269978087361873,1.5005152752033537,0.2322744405122267,-0.614126293991594,0.010807625095496489,-0.3422510368993909,-0.4770241231750087,0.13382964221363558,-0.06272198722703802,0.14308609477703563,-0.5593392660360766,1.831234984934944
"http://oaei.ontologymatching.org/2011/benchmarks/101/onto.rdf#Reference","=","http://oaei.ontologymatching.org/2011/benchmarks/101/onto.rdf#Collection","c","FF",0.01795955822016817,-0.10703908432798707,0.7345857490660815,-0.06357186532182155,-0.1466106334247662,-0.3422510368993909,0.7550035798243174,-0.3216835296113944,-0.3592171929477134,-0.4762251620322724,0.4922921957907308,1.3527589193656158
"http://oaei.ontologymatching.org/2011/benchmarks/101/onto.rdf#PageRange","=","http://oaei.ontologymatching.org/2011/benchmarks/101/onto.rdf#PageRange","c","FF",4.790072480907058,3.8641304735703965,3.719550942480448,4.340863564036359,4.261100605142589,4.046796099967287,4.342769843104507,4.508763184180798,5.245931132852289,5.0975761492514975,4.1125267982164315,11.585967049496732
"http://oaei.ontologymatching.org/2011/benchmarks/101/onto.rdf#Part","=","http://oaei.ontologymatching.org/2011/benchmarks/101/onto.rdf#TechReport","c","FF",-0.05021348353250166,-0.08000036349657647,-0.3878423465365223,0.6246211705153941,1.7817630334484518,-0.3422510368993909,-0.4770241231750087,0.6927669131552395,-0.20340554782249085,-0.4762251620322724,-0.5593392660360766,2.1707528540037146
"http://oaei.ontologymatching.org/2011/benchmarks/101/onto.rdf#InCollection","=","http://oaei.ontologymatching.org/2011/benchmarks/101/onto.rdf#InCollection","c","FF",4.790072480907058,3.8641304735703965,3.7195509424804474,4.340863564036359,4.261100605142589,4.046796099967287,4.342769843104507,5.041734811942669,5.245931132852287,5.0975761492514975,4.1125267982164315,11.763306774098373
"http://oaei.ontologymatching.org/2011/benchmarks/101/onto.rdf#Article","=","http://oaei.ontologymatching.org/2011/benchmarks/101/onto.rdf#Deliverable","c","FF",0.4269978087361873,-0.611024249927282,-0.5527322044647122,-0.1636726705345074,0.7191897884366786,-0.3422510368993909,0.9039051997565687,0.35678664680859423,-0.30606350944967553,0.030484048084434116,0.7768903724062184,1.5329256057519207
"http://oaei.ontologymatching.org/2011/benchmarks/101/onto.rdf#Article","=","http://oaei.ontologymatching.org/2011/benchmarks/101/onto.rdf#Part","c","FF",0.01795955822016817,-0.03942504442320221,-0.19210581641449903,3.10211609952937,1.427571951777861,2.68952742500479,0.04250800766900704,-0.29109998200982795,-0.14246073608812243,-0.4762251620322724,-0.24135307623232277,3.0482914901780616
"http://oaei.ontologymatching.org/2011/benchmarks/101/onto.rdf#Book","=","http://oaei.ontologymatching.org/2011/benchmarks/101/onto.rdf#Journal","c","FF",-0.3001813032922911,-0.611024249927282,1.5633861771335318,-0.614126293991594,-0.6975745382456856,-0.3422510368993909,3.3503716150977456,0.18683846954165498,-0.3192749166140708,-0.18286719828049475,0.8213907369639577,2.865577798611074
"http://oaei.ontologymatching.org/2011/benchmarks/101/onto.rdf#Deliverable","=","http://oaei.ontologymatching.org/2011/benchmarks/101/onto.rdf#Report","c","FF",-0.2742106207198455,-0.611024249927282,-0.1673781210835406,1.0375369920177233,0.1288713189856935,2.997241349846995,3.137821351534628,1.2086919291883385,1.4124961313616373,0.030484048084434116,2.9445602821533043,3.491143423457401
"http://oaei.ontologymatching.org/2011/benchmarks/101/onto.rdf#Misc","=","http://oaei.ontologymatching.org/2011/benchmarks/101/onto.rdf#Misc","c","FF",4.790072480907058,3.8641304735703965,3.7195509424804474,4.340863564036359,4.261100605142589,4.046796099967287,-0.4770241231750087,5.041734811942668,5.245931132852287,5.0975761492514975,-0.5593392660360766,11.006158416050077
"http://oaei.ontologymatching.org/2011/benchmarks/101/onto.rdf#PageRange","=","http://oaei.ontologymatching.org/2011/benchmarks/101/onto.rdf#PersonList","c","FF",0.2784155382495991,-0.0984215590663459,1.4720744667052128,-0.06357186532182155,-0.20170702390685807,-0.12279868005605678,0.4056008286058604,-0.26224917839427275,-0.058595452901237736,0.030484048084434116,0.4780052051327423,1.159790336776486
"http://oaei.ontologymatching.org/2011/benchmarks/101/onto.rdf#InCollection","=","http://oaei.ontologymatching.org/2011/benchmarks/101/onto.rdf#InBook","c","FF",-0.24424444852086968,-0.611024249927282,0.7196308817344919,1.0375369920177233,0.1288713189856935,0.09665367678727686,3.0222006455220973,0.7182373436005858,0.9219913724681835,0.91722516578867,3.0105222163444085,2.696022504892596
"http://oaei.ontologymatching.org/2011/benchmarks/101/onto.rdf#InProceedings","=","http://oaei.ontologymatching.org/2011/benchmarks/101/onto.rdf#InBook","c","FF",-0.34295654517631924,-0.611024249927282,-0.4577443166834657,1.0375369920177233,-0.6975745382456856,0.09665367678727686,-0.4770241231750087,0.7182373436005858,0.9219913724681835,0.8100366790332126,-0.4193553350499168,2.307476188642973
"http://oaei.ontologymatching.org/2011/benchmarks/101/onto.rdf#Proceedings","=","http://oaei.ontologymatching.org/2011/benchmarks/101/onto.rdf#Conference","c","FF",-0.20928391428873133,-0.1974370060428645,1.0022277581780943,-0.1636726705345074,0.20400276055218258,-0.3422510368993909,-0.35149950117849965,-0.29874406796530284,-0.09509407588470764,0.030484048084434116,0.7402546925049015,1.5126263783280227
"http://oaei.ontologymatching.org/2011/benchmarks/101/onto.rdf#Booklet","=","http://oaei.ontologymatching.org/2011/benchmarks/101/onto.rdf#Chapter","c","FF",-0.3001813032922911,1.02958767705017,0.9054769448344785,2.2172964820243783,0.010807625095496489,2.90139637941079,1.17746082428174,-0.07796811442666256,-0.18902668253509428,0.32003216815112356,0.1908159820789568,2.143596510297761
"http://oaei.ontologymatching.org/2011/benchmarks/101/onto.rdf#Collection","=","http://oaei.ontologymatching.org/2011/benchmarks/101/onto.rdf#Chapter","c","FF",0.01795955822016817,-0.22133480022926885,-0.36042472982113444,0.09372940001239916,-0.20170702390685807,-0.12279868005605678,1.4534784385109178,0.48336428987245583,0.26003700520816264,0.08115496909610445,-0.25114282366944934,1.469938875962932
