"left","relation","right","owl_type","match_type","pc_1","pc_2","pc_3","pc_4","pc_5","pc_6","pc_7","pc_8","pc_9","pc_10","outlier"
"http://cmt#acceptsHardcopySubmissions","=","http://conference#has_a_name","dp","FF",-0.8805545354821793,-1.2245361506257186,1.90482911420108,0.6305253937942908,0.4174581883788429,0.11193198350234926,0.10640469170968034,0.24939932131948234,-0.14964777572382001,0.3785438014265026,1.198069986897097
"http://cmt#maxPapers","=","http://conference#has_an_email","dp","FF",-0.08335935040941775,1.547133038138981,-0.16108136773893952,0.494324326598665,0.6723368629410293,-0.15566515101774284,-0.48177689771622967,0.28953001335843764,-0.02557009832621936,0.0823505205328819,1.2104796496981454
"http://cmt#date","=","http://conference#has_an_email","dp","FF",-0.4123550870670538,1.006422686151707,-0.5455444232776836,0.2519431145282579,0.6201788727348636,0.2737785788720405,-0.2642773722140754,-0.0052891096607064975,0.07589491851831225,-0.1266430386414132,0.9814528092683574
"http://cmt#date","=","http://conference#has_the_first_name","dp","FF",-1.0917185534247043,-1.6664129585748968,-0.8310829046684989,0.31504155329144196,0.9481459170682056,0.21935992313884803,-0.2506020334251884,0.09375258742398832,-0.15962163353933587,-0.21637481720562862,1.3947698501220798
"http://cmt#siteURL","=","http://conference#is_a_date_of_acceptance_announcement","dp","FF",-0.6183835967834544,-0.11790810922500555,-0.597228984301837,-0.8953843353649035,-0.2276043056323994,0.06867177491895354,0.10162087019491176,-0.3148448452863147,0.15991893734077034,-0.23448685303352046,1.4697181361257154
"http://cmt#siteURL","=","http://conference#is_an_abstract_submission_date","dp","FF",-0.3026336900687997,-0.1730006583358959,-0.9415930036074843,-0.5443478676332882,0.8686941267884719,0.1130201805566445,0.2395483083666212,0.18782992853294384,-0.11721437066888586,-0.11958512420876885,1.36928791563566
"http://cmt#name","=","http://conference#is_an_ending_date","dp","FF",0.04225467131021969,-1.6790454600098212,0.5505561376185504,-0.9878224016775038,0.7868067075768873,-0.14022886806367574,-0.3726100648040615,0.13936408041270595,-0.29241963829350454,0.015155257568920097,1.5213132412503625
"http://cmt#paperID","=","http://conference#has_the_last_name","dp","FF",-0.348432486434248,0.6184211180892092,-2.5281895737317215,-0.764986198076847,-0.15194456395051392,0.5565464898298361,-0.13134983210005166,0.22249884056005426,0.05286873201619418,0.052059406759390275,1.5452331040956657
"http://cmt#maxPapers","=","http://conference#has_a_name","dp","FF",0.5865566386830232,1.6378310398226017,0.8158108297941888,-0.4756831667391307,-0.30052432422680453,-0.00918004323495119,-0.7462532845596825,0.5873204920013431,0.30458353307680536,0.5318325879228635,1.3028355671743337
"http://cmt#paperID","=","http://conference#is_a_date_of_acceptance_announcement","dp","FF",0.2748887170545247,0.94199402020897,0.291224717474571,-0.7715511263896493,0.39972308385061084,0.6850229725530366,0.23127383456530592,-0.23115680960013305,-0.26653508319971303,-0.11172254161686578,1.0173408991661286
"http://cmt#siteURL","=","http://conference#has_a_location","dp","FF",-0.7423562099915445,0.8401994727713051,-1.1141885716824311,-0.35451942990920926,-1.5568927500087775,-0.3715748459152555,0.8688194447106673,-0.2885627028798959,-0.5678444650472118,-0.2376990433782541,1.8566072675714298
"http://cmt#logoURL","=","http://conference#has_a_location","dp","FF",-1.221862952269026,-1.5051430013313978,0.4512447460884787,0.34182904671452957,-0.08200534373789861,-0.15263258386832276,0.07018846045538221,0.017569790892767518,-0.3016635358852397,-0.1296962419349962,1.0233568646550109
"http://cmt#siteURL","=","http://conference#is_a_date_of_camera_ready_paper_submission","dp","FF",-0.22642800775617142,-0.09262629596805678,-0.35255460907922503,-0.9075239832419731,0.6628322713398962,0.302639374700353,0.051574781339946314,-0.293093690318343,0.11241557662253131,-0.14639596229386403,1.30531080326765
"http://cmt#acceptsHardcopySubmissions","=","http://conference#has_a_volume","dp","FF",-0.9213861735114027,-1.155430408580409,2.0016328914074917,0.7096896034552145,0.49646057281419437,-0.09997149166697307,-0.2713630548125926,0.14202779824349773,-0.15118788199166275,0.2206179298127159,1.2121386291391978
"http://cmt#logoURL","=","http://conference#has_the_first_name","dp","FF",-1.3033441742429521,-1.8933559785383645,-1.5236049091111603,-0.7518578406044857,-0.0276070177124658,0.9868039801353585,0.10875247050784509,-0.05931867975064815,-0.012504132045608084,-0.20552065968307554,1.509021509438734
"http://cmt#reviewsPerPaper","=","http://conference#has_gender","dp","FF",-0.9848300052783249,1.2748796413597834,-0.7698560443504314,1.28153451408324,0.6994495918231337,-0.44760290332821745,-0.32938529605426864,0.33586065965502915,0.19235382228943848,0.08766356216103881,1.305748041330021
"http://cmt#logoURL","=","http://conference#has_a_volume","dp","FF",-1.2306728903493929,-1.3950611657499312,0.33649224939763606,-0.02734885554314729,0.45030000146999016,-0.44390758471152847,-0.565887569208104,-0.2014700137755597,-0.04173096377908794,-0.010549721613359035,1.0845172782515045
"http://cmt#date","=","http://conference#has_a_date_of_issue","dp","FF",5.371584643134197,-0.6465365436690782,-0.2666372705525805,0.38004069776469424,0.4382513038496137,-0.2444653461426427,0.37805160645812913,-1.2619141270102767,0.20650072990351914,0.6024498042569061,2.9455698786845907
"http://cmt#date","=","http://conference#is_a_date_of_camera_ready_paper_submission","dp","FF",3.2315013319191253,0.12111544806919493,0.8417477923625052,0.08144990759704218,0.8917637452527851,0.112316317642015,0.7529357072250215,-1.6890920372990177,0.7347639861840153,0.3934754308904153,2.6065388848446407
"http://cmt#maxPapers","=","http://conference#has_a_URL","dp","FF",0.5550286191615093,1.7760660671497726,0.9259945512978611,-0.3995882621913733,-0.40781567133660374,-0.23765001378777467,-1.3197764223997344,0.15415791577924273,0.013563058682667066,-0.3655002784185269,1.3879905864511568
"http://cmt#name","=","http://conference#has_a_name","dp","FF",8.06117269704291,-1.712227956730623,-1.9197972923160194,0.4498085886038882,-0.205635755322212,-0.770063592568062,-0.22458859948781898,0.985878517622758,-0.7233006945384306,0.4037108497818651,4.419742948822825
"http://cmt#name","=","http://conference#has_a_volume","dp","FF",0.5746208420005463,1.0079509817910604,0.9526811375941735,-0.8360013400609473,-0.21215723045516632,-1.214385137586095,-0.4083620852905992,0.07891309839194662,0.17144135445714762,-0.4191671608655795,1.255950559855894
"http://cmt#siteURL","=","http://conference#has_the_last_name","dp","FF",-0.3306987592624825,1.5472354991157415,-2.1352618138689596,-0.2668698165485657,0.002476726567676106,0.41636184121128056,1.6714045463019078E-4,0.23086936812315842,0.06830997048312328,-0.10883732772778627,1.3586487457422756
"http://cmt#title","=","http://conference#is_an_ending_date","dp","FF",-0.19557604255261285,1.3569569489617548,-0.12268745498031224,0.19607083497502492,0.5554220636108702,-0.5880610796244335,0.3584750901901289,0.020944264321862388,-0.191102704476109,0.09651821742457967,0.9204798676635347
"http://cmt#date","=","http://conference#has_a_name","dp","FF",0.7424781510077355,0.9431005819107501,0.7305619132979089,-0.6493365164010336,-0.46250391348810715,0.1377855070158073,-0.41717296039101104,0.30450286260007653,-0.2265737633289022,-0.04178029087638779,0.9457535013569152
"http://cmt#reviewsPerPaper","=","http://conference#is_a_full_paper_submission_date","dp","FF",2.437993505490209,0.15600087511595723,-0.5011900185989364,0.3154064136788765,-0.9850657544354692,0.9847198367323002,0.3490187123258566,0.18869496641296138,0.14945057574322695,-0.07472327646904744,2.601476173875414
"http://cmt#date","=","http://conference#has_the_last_name","dp","FF",-0.6903598691965697,-1.7207757270447714,-0.8863758364948943,0.11695694796362203,1.4268223158312947,0.3278130508147193,-0.40320154853495144,0.10991514114143713,-0.27100416358755297,-0.1883692379448352,1.560811686497323
"http://cmt#date","=","http://conference#has_a_URL","dp","FF",0.21535914448712634,1.1702382254815353,1.036120346992318,-0.5750448028066609,-0.42250195923640627,0.3336653823815934,-0.25872244266991934,-0.013368322055500315,0.177945125415473,0.19635629907866026,0.8692734453276293
"http://cmt#reviewsPerPaper","=","http://conference#has_an_ISBN","dp","FF",-2.071088332107411,0.20637588359705378,-0.46185159625121674,1.2440947406179987,-0.3986849933657979,-0.17327285788895874,0.3638218379760077,-0.22198964322778938,0.18019845184095457,0.24848107228390384,1.8955693394288193
"http://cmt#date","=","http://conference#has_an_expertise","dp","FF",-0.5079884658266306,1.004456089100848,-0.45016090381276264,0.035943531995435485,0.7935917956335501,-0.7010513643950025,-0.16351759071643845,-0.27156403890276415,0.07985162091851473,-0.2607893214907121,1.0424046341998086
"http://cmt#name","=","http://conference#is_a_date_of_acceptance_announcement","dp","FF",0.6516212469737889,0.8675933053466269,1.1426795458118337,-0.7993197375983059,0.1796926421409052,0.1611866322578973,0.4208432843398534,-0.22621313158687545,0.019130340931489402,-0.20312802708766023,0.9739802673100476
"http://cmt#siteURL","=","http://conference#is_an_ending_date","dp","FF",-0.27905836155932284,0.49456785729675173,-1.5860117075665667,-0.4628552227518774,0.020565092454502394,0.12366806120699986,0.1544824326359801,0.6453176616665401,0.38289251228854826,0.1700510231503726,1.3450544129555826
"http://cmt#siteURL","=","http://conference#has_an_email","dp","FF",-1.984871150922003,-1.6788210938080228,-0.9982275875125115,0.786399540468353,-0.9967165717849095,-0.11299820844340151,-0.32455349042071974,0.3044201004929464,-0.1027588015558758,-0.3786945037618635,1.4354147884057038
"http://cmt#date","=","http://conference#is_a_starting_date","dp","FF",4.8371545623922305,-0.6819247589272607,-0.5280214621393302,-0.028439122319006468,-0.17869067601246325,-0.6908050068391786,0.9159251896174707,1.2089702155868176,0.14693726930719458,-0.6496928099147288,2.8092693688511545
"http://cmt#title","=","http://conference#has_the_first_name","dp","FF",-0.03247327444585131,1.069812910766158,-1.5160619525597665,-0.0605639045395235,1.1113224387874474,-0.7576598659588645,-0.08197569592144523,-0.41497765811647164,-0.9953053179052682,-0.38568394929253497,1.6960339618251177
"http://cmt#acceptsHardcopySubmissions","=","http://conference#has_the_last_name","dp","FF",-0.7670268406341313,1.5506745018389243,0.028880842320934116,1.1732197704358158,0.5775711575313858,0.20682153419301758,0.3108466991248107,0.1773882256170427,0.00160033227724099,0.26989553715519027,0.9912432533366644
"http://cmt#reviewsPerPaper","=","http://conference#is_a_date_of_acceptance_announcement","dp","FF",-0.5111635200336352,0.40304510879145716,0.010854465770991154,-0.06372273759449397,-0.6972583681707097,0.8739995709178173,0.17582759363842845,0.16444182521574563,-0.15883610140957088,0.0669072786629045,1.3337496611328692
"http://cmt#name","=","http://conference#has_an_email","dp","FF",0.45755907569619697,0.957123930129515,0.4869276769372613,-0.1212885120025066,0.3846334092789621,0.39582356841723,0.048215925943321095,0.17144493416669063,-0.12314001005860911,-0.23075843080482822,1.0199554663656663
"http://cmt#reviewsPerPaper","=","http://conference#has_the_last_name","dp","FF",-0.6678550922307602,0.7530861017244196,-1.3446499459358756,0.3492733446943347,0.7529120050384505,0.5464780449306406,-0.23753519820473,0.1688523080927806,0.1594712699026743,0.43463276977329124,1.1691187517011756
"http://cmt#email","=","http://conference#is_an_ending_date","dp","FF",-0.8764693849434196,-1.4708810323131203,0.39411767995384506,0.042124794983999826,0.9356428279013257,-0.159056399238281,-0.12130945886572012,0.3041409391470636,0.15062961115399018,0.2994426595166334,1.2464672267586014
"http://cmt#maxPapers","=","http://conference#has_a_volume","dp","FF",-0.45637941058036324,-1.353766566025679,1.6938166901536882,-0.5980549157112203,-0.07932809088805429,-0.09431330002294078,-0.41607295961359286,-0.11826472989828615,-0.34960560845353156,0.14185162564138737,1.3318864710163183
"http://cmt#logoURL","=","http://conference#has_a_URL","dp","FF",4.689352942876545,0.1926794065568639,-1.916978962683493,0.9336894610833254,-1.4311029240966124,0.061432062861655895,-1.2551066762538072,-0.7999780137662728,-0.29327934988562937,0.6625034359125482,3.5798170666432845
"http://cmt#date","=","http://conference#has_a_location","dp","FF",0.3890794443425853,1.0181614899258358,1.1811735412678386,-0.40215996325882974,-0.39563753872511287,-0.3512258492102666,0.25300138113647064,-0.40038781776934995,-0.1134455444378537,-0.3221524260709413,0.9318812677753507
"http://cmt#email","=","http://conference#has_an_expertise","dp","FF",-0.7060101411213423,0.9558349706083771,-0.03695191481123286,0.01988540375526071,0.3906017307765444,-0.5203004104650442,0.13058280378231923,-0.09851366273218995,0.12764686777900092,0.04190757628309678,0.8618004501717097
"http://cmt#title","=","http://conference#has_gender","dp","FF",-2.015602014114534,0.8705120730957089,-1.962821691112179,0.6519706543289994,-0.7682308619281147,-0.7666605597228773,0.21495187573117744,-0.327017266472011,0.2984572113505173,0.01489534570065254,2.1958097808679864
"http://cmt#siteURL","=","http://conference#has_a_degree","dp","FF",-1.5765855468399863,-1.444161535709339,0.1770528234947245,0.21818634644017576,-0.36385649818236293,-0.8392133700227556,-0.5953926593138689,0.0199227688384179,0.13582685772707961,-0.16933378340748037,1.2427174175318327
"http://cmt#siteURL","=","http://conference#is_a_starting_date","dp","FF",-0.773275746339714,-1.802962173379116,-0.49590557171209126,-0.6858376786845336,-0.02659858746298622,0.14522326075230482,-0.03396271601288419,0.5548567434768747,0.22822965754027005,0.15359213728262786,1.4963953573624602
"http://cmt#paperID","=","http://conference#has_an_email","dp","FF",-1.6014362315830744,-1.443954935297368,-0.10827609894336802,0.7427606579072692,-0.2977582485475191,0.10030255360448513,-0.7929461885022071,-0.02643203953200741,-0.08018760854228112,-0.24425899079404442,1.4182241716026975
"http://cmt#acceptsHardcopySubmissions","=","http://conference#is_an_ending_date","dp","FF",-0.34520876735277894,0.7227151052820054,1.2652089271414337,0.6676534182984842,-0.17979108050842005,0.5743162449286923,0.2938585369710524,0.27986576789333634,-0.2790529966843707,0.32665141670500103,1.4182374693228776
"http://cmt#siteURL","=","http://conference#has_a_URL","dp","FF",4.714596000272188,0.7481041963786819,-1.8227899862895522,1.31500583820005,-1.5129491055022395,-0.15287065595885407,-1.4136719405040068,-0.7914657862089465,-0.3139450898652054,0.5947912916267025,3.74532047166075
"http://cmt#title","=","http://conference#has_an_email","dp","FF",-1.7238538114952482,-1.3750024744549558,-0.2681728181902669,0.6320697698609673,1.4896142350258776,-0.2904800696483541,0.02910983176180114,-0.2993899873399027,0.06808824438373305,-0.030155397437328806,1.4924687988491434
"http://cmt#logoURL","=","http://conference#is_a_date_of_camera_ready_paper_submission","dp","FF",-0.8324009970043946,-1.6518209605533583,-0.14023128231976978,-0.9645856406273474,0.6341354615334661,0.6879517355928952,0.06594085802967792,-0.37644986393564517,-0.15840481671130313,-0.18647057277227708,1.406556484814166
"http://cmt#paperID","=","http://conference#is_a_starting_date","dp","FF",0.13311859176800017,-1.568297016878702,1.2994584019812312,-0.9097418929367425,0.1967626353429104,0.4387531517675398,-0.7278400037242996,0.5725410950875499,-0.04245185010814126,0.19562388176502682,1.593597589204304
"http://cmt#name","=","http://conference#has_an_ISBN","dp","FF",-0.13996635068396845,1.2424687450609155,1.175155162398683,0.8121699206000335,0.36754425465976,-0.10820500583236536,0.4443809071907469,0.19483564364024658,-0.19834550307620696,0.1761241890425549,1.2332465641712524
"http://cmt#title","=","http://conference#is_a_starting_date","dp","FF",-0.28749733150957535,0.850884404844772,-6.235788865956854E-5,0.2655111674841467,0.6096582827362841,-0.7225682350232772,0.21959809774017475,0.08106410605141093,-0.1318649451516713,-0.04559872856473192,0.8590118718423545
"http://cmt#title","=","http://conference#has_an_expertise","dp","FF",-1.9389499812804407,-1.635965278198095,-0.516025950901846,0.19706985801522828,-1.0101798553703398,-0.8829857230554955,0.2831140941901459,0.05368061411618078,0.11643825852695733,0.002575750275266602,1.1179649324044492
"http://cmt#acceptsHardcopySubmissions","=","http://conference#is_a_starting_date","dp","FF",-0.640490469868729,-1.2438504852196508,2.2186957900800257,0.44889927487223164,-0.027024687650856215,0.451682937329868,-0.061356764961176924,0.3093917837462815,-0.17435616146505334,0.3259308300113623,1.3853538690400304
"http://cmt#logoURL","=","http://conference#has_a_date_of_issue","dp","FF",-1.193806977296033,-1.7103477443917656,-0.5112792804740656,-1.1491409412373605,-0.20930475236994434,0.42898394561609743,-0.029245606255752482,-0.31478223368931646,0.05479717528637907,-0.10355316668694853,1.3703496694882848
"http://cmt#paperID","=","http://conference#is_a_full_paper_submission_date","dp","FF",3.6103625231024346,-0.38787336553658325,0.08408667526690697,-0.3356554776926343,0.209338005994907,0.2874936017803242,0.16066651021908915,-0.31995957005681397,0.2071837669566531,-0.2475627877560827,2.036077319881587
"http://cmt#logoURL","=","http://conference#has_gender","dp","FF",-2.049969157088105,-1.5554733493001722,-0.9766471798181597,0.3438905349848433,0.18314207537353802,-0.13119691199729022,-0.04589276252196233,0.003020530198962682,0.4332589062840285,0.06285013061506578,1.3810626412362175
"http://cmt#paperID","=","http://conference#has_an_expertise","dp","FF",-0.9619229342438282,-1.598383773938406,0.09867065186339809,0.8688121473421287,-0.16101210542732194,-1.0529331985860793,-0.7240807660118479,-0.10440698029332016,0.7241849410592708,-0.7338733385621645,1.8049784593937428
"http://cmt#paperID","=","http://conference#has_a_URL","dp","FF",-0.477492240656839,1.3897193945826023,0.2357300426875402,0.14675169963859158,-1.1161792020847408,0.1494666157953413,0.03318790901167613,-0.03943709501350744,0.07501009016118615,0.054850097181373535,1.2516771423635495
"http://cmt#maxPapers","=","http://conference#is_an_abstract_submission_date","dp","FF",0.02815928913867019,0.7632202767476359,-1.0061017943964363,-0.9143681981832229,0.7472788763812471,0.35691768879594277,-0.08369300797262899,-0.1969541719875791,-0.3074078287461165,-0.12439701451328296,1.254844301960922
"http://cmt#name","=","http://conference#has_the_last_name","dp","FF",4.797426419567152,-3.19054702465639,0.05027816528310412,0.17544707659544845,0.6159546954575275,-0.7416694567231623,0.12440047380580421,0.46553917323488797,0.1862219440886472,0.46208656283774524,3.0679890344034253
"http://cmt#reviewsPerPaper","=","http://conference#is_a_starting_date","dp","FF",-0.29754684475158694,1.1570933472260707,0.201069786156147,0.09382090313655696,-0.046846433397620554,0.6397040857583534,0.46092138719281944,0.41503038658332086,0.25614112302678604,0.6255990403570391,1.3574554606474944
"http://cmt#maxPapers","=","http://conference#is_a_date_of_acceptance_announcement","dp","FF",0.5167475691121325,1.07295479704345,0.4591400515240363,-1.7180980095023475,-0.29877320311497946,0.18881468702495233,-0.25571677381578595,-0.3055501344100316,-0.10379618768900385,0.09634561221769572,1.1594519142421897
"http://cmt#siteURL","=","http://conference#has_a_volume","dp","FF",-0.8233520514274253,1.2384113929635205,-0.4704831740775699,0.17536874445479564,-0.6688770567871232,-0.4706554093893668,-0.14851681606788322,-0.032730599327016795,-0.10088114930277137,-0.02258583257072449,1.2838951069843199
"http://cmt#logoURL","=","http://conference#has_an_ISBN","dp","FF",-2.7836948129065493,-1.4883551028287703,-0.6745463756183288,1.3211956061200572,-0.9470638919918725,0.4123061866842304,0.8707902562503632,-0.21197563042905915,-0.27415622140896306,0.09602820593470715,1.9453665747310154
"http://cmt#maxPapers","=","http://conference#is_a_starting_date","dp","FF",0.5600541943469302,1.0081655797175266,0.3703118894689987,-1.5557380884760335,-0.43500238661718665,0.4975797412802972,-0.1902230683034447,0.23517257046154202,0.22652979400885973,0.23267955578765573,1.1859355089526142
"http://cmt#maxPapers","=","http://conference#is_a_date_of_camera_ready_paper_submission","dp","FF",2.642099710165672,0.382033656661089,0.20819360724735647,-0.6015864666739482,-0.1586876343330413,0.4907810091388795,-0.14663173376925565,-0.45942879910567225,0.9235018726890645,-0.47691334608550023,2.2110043981907403
"http://cmt#paperID","=","http://conference#is_an_ending_date","dp","FF",0.07882155750340815,-1.739244624727068,0.08085253884452402,-1.091190053958712,0.6361481109681444,0.38548058377946964,-0.9975890411881843,0.3547129792302431,-0.3169192488933175,0.03889077805980002,1.673254640382949
"http://cmt#email","=","http://conference#is_an_abstract_submission_date","dp","FF",-0.9972959253535618,-1.5345301638444178,0.2666133617991528,-0.09452962415775902,0.6334980980974618,0.0775034418268143,0.21448811536138102,0.23333440811390851,-0.08615527046763774,0.27122243124127715,1.1246872449832266
"http://cmt#name","=","http://conference#has_an_expertise","dp","FF",0.09871969179367732,1.037872558710604,0.6124320509518879,-0.43517025384164587,0.5613509992189268,-0.48202867735166277,0.08419729909752742,-0.1322743793114986,-0.08696346318037258,-0.011512013344770852,1.0528582515255356
"http://cmt#acceptsHardcopySubmissions","=","http://conference#has_an_ISBN","dp","FF",-0.5980315718885538,1.3060536293342142,0.35341495314437466,1.2791168477594217,0.5330074455948487,0.021120874918483676,0.04337564732494004,0.11780590659602377,-0.3626651923933492,-0.07935991307975991,0.9334349721061901
"http://cmt#email","=","http://conference#is_a_date_of_acceptance_announcement","dp","FF",-0.5670036565776755,-1.4451623013545252,1.5444405420101612,-0.822474658181957,-0.3435216678507427,0.1330412711043229,0.25669311106633264,-0.2483219359441799,0.21124618035225395,0.025149644354676252,1.5382451868898968
"http://cmt#email","=","http://conference#is_a_full_paper_submission_date","dp","FF",0.2942485877380002,1.297590638043789,1.054988226448248,-0.5756671735944766,-0.2744658880591285,-0.08481151869335114,0.28867822027793655,0.39749654810750185,0.035240138805668744,0.4189819188414637,0.8705774711363894
"http://cmt#date","=","http://conference#is_a_date_of_acceptance_announcement","dp","FF",4.060794605330174,-0.2219464282170143,0.3227846798398522,-0.012985074229876215,0.679252449399764,0.3866436670733852,0.7827073823139438,-1.8345436493413259,0.35308348881168905,0.4374540877811468,2.691441387518558
"http://cmt#maxPapers","=","http://conference#is_a_full_paper_submission_date","dp","FF",2.4086470423544326,-2.4260050153161448,0.5989197067599145,-0.442246129978454,-0.005865437422513352,0.25729866875648766,-0.432075842234365,-0.16153703774516037,1.0744129086853884,-0.47639428204221823,2.9009921844837345
"http://cmt#acceptsHardcopySubmissions","=","http://conference#is_a_date_of_camera_ready_paper_submission","dp","FF",1.9724865813937777,-2.051666835994847,1.7766845542543654,2.039218539971163,-0.3493783818425156,1.0377943027889578,-0.6582421564208012,-0.4709846421083369,-0.012605582337719148,-0.6438772170323932,3.355401011762228
"http://cmt#logoURL","=","http://conference#has_an_expertise","dp","FF",-2.423053033464085,-1.5311772246078512,-0.7265921558030961,0.0896204393872014,-0.8642619758508405,-0.48022963287803694,0.25353272435994917,-0.408541752141315,0.3349899862004917,0.04747510341728963,1.204117732282756
"http://cmt#date","=","http://conference#has_gender","dp","FF",-0.4218786400833361,1.6095828081628887,-1.4213460775076876,0.3590329627157273,0.7972192065283157,-0.36109361494794695,-0.2742516934351492,0.14068476099020377,0.3777992122225674,0.0733804388464451,1.112588308431508
"http://cmt#paperID","=","http://conference#has_the_first_name","dp","FF",-0.4782679147698834,-1.8847262924177717,-1.2416091222140322,-0.7437152600300729,0.8563902113161432,0.7280443698281868,-0.6328963733874573,0.17053809111378498,-0.18299882859004296,-0.07669773762549034,1.5097911441509506
"http://cmt#title","=","http://conference#has_a_location","dp","FF",-1.9363357786224396,-1.5629041554662824,-0.05001656203162484,0.22533465668461933,-1.2030619798304416,-0.6921857041072904,0.48197022520678245,-0.06013751971629421,0.21449444856112174,0.21082383017345968,1.1735352079696797
"http://cmt#email","=","http://conference#has_a_name","dp","FF",0.4753010984202035,0.8581790605514388,0.9897809139889463,-0.5488419084557251,-0.39921451699867283,0.3681117906870977,0.43515781519999286,0.40254894610800335,-0.11631035461516444,-0.005754414509681949,0.8642523382931977
"http://cmt#siteURL","=","http://conference#has_gender","dp","FF",-2.106142040663389,-1.5293868376367128,-0.9936485414773593,0.653092013244196,0.24089655444186933,-0.4003107099025608,-0.20137254231541554,0.17485818348447194,0.38256886153096953,0.1640312651038795,1.451973654475676
"http://cmt#title","=","http://conference#is_a_date_of_acceptance_announcement","dp","FF",-0.47080477471811527,0.8281795041976163,-0.017207579434892005,-0.0659352039100257,0.5959949380089345,-0.19132041717535514,0.48837207764266927,-0.5154979536968309,-0.10542118053510774,-0.1508722541795549,0.8495057142528134
"http://cmt#title","=","http://conference#has_a_date_of_issue","dp","FF",-1.0440100291517376,-1.5005244114370595,0.39611053323665085,0.15002803477469875,0.48672874540203215,-0.4269077848407009,0.030410431986376052,-0.14240277270945847,-0.22768756738959267,-0.24949378666661629,1.0299668930278405
"http://cmt#siteURL","=","http://conference#has_an_ISBN","dp","FF",-1.6904304348952106,0.8713744607968167,-0.8273369282808605,1.4945600608807217,-0.2801905257723334,0.02525290766117711,0.5994850981337614,-0.01004628595693805,-0.169162632842816,0.052534492966099994,1.6815739233479579
"http://cmt#logoURL","=","http://conference#has_the_last_name","dp","FF",-0.6449010452769809,0.3499369330740756,-2.0504421202367054,-0.7751054698496692,-0.14778486456620638,0.7280011761298604,0.15914713974145853,0.12308723556642044,0.07263043128254845,-0.010614629231757133,1.432392006839343
"http://cmt#title","=","http://conference#has_a_name","dp","FF",-0.7977878970171192,-2.1112590612034112,-1.406758084512624,-1.5373259654234905,-1.247946306685405,-1.253372975387922,0.10750098619787551,-0.6926746779733879,-1.4860169367506635,-0.012027764556703242,2.984899316045398
"http://cmt#maxPapers","=","http://conference#has_the_last_name","dp","FF",-0.7009830684251986,-1.7248499860684436,-1.0420637166343263,-0.7152325442546883,0.9894978601681301,0.48069691311458596,-0.9172628199364599,0.3121447341534054,0.3269023999393434,0.4038484332666897,1.65465086471754
"http://cmt#siteURL","=","http://conference#has_a_date_of_issue","dp","FF",-0.20907440220614915,0.45952542179522793,-0.7681192917815067,-0.6122844941082927,-0.3845982484980595,0.08122638596608377,0.08475404602490103,0.02529287323766112,-0.14643724606391376,-0.4067845148257289,1.3159933729535287
"http://cmt#logoURL","=","http://conference#is_a_starting_date","dp","FF",-0.9215826734718953,0.4154026601105027,-1.450322004235617,-1.2148057727344928,-1.3567214216437817,0.4388485972611794,0.21005983361771222,0.09423864974974637,0.604321889000222,0.12726919132226105,1.816190116932308
"http://cmt#maxPapers","=","http://conference#has_a_degree","dp","FF",0.3751850462351079,2.094281142025586,1.0310024088778886,-0.3329742451507616,-0.4269173255445094,-0.5210882182273285,-1.2622589735071745,-0.13164987977829143,-0.13785887712694253,-0.09459170475457054,1.4835988526049355
"http://cmt#paperID","=","http://conference#has_gender","dp","FF",-0.8105556208917364,1.7412957118570387,-1.2121984235332972,0.7285489507137655,-0.45342781600864224,-0.5150774822652361,-0.4560323444488738,0.18318527816231026,0.2806325025483645,-0.04135106162707474,1.5353515653312502
"http://cmt#name","=","http://conference#is_a_date_of_camera_ready_paper_submission","dp","FF",1.1275641506927756,0.7350324544677794,1.1316548907850643,-0.7718319941097516,0.5031543753831293,-0.16740204241466017,0.5979528310963178,-0.3498301171146086,0.8187248676487188,-0.3119621016997878,1.5794317940556692
"http://cmt#reviewsPerPaper","=","http://conference#is_an_ending_date","dp","FF",-0.38754447043479817,1.1352961780572175,-0.962984182134435,0.3413917682517883,0.5425308265885507,0.48591731733725435,-0.39809314542540775,0.21706118405239594,-0.033936946129850896,0.4041131002666471,1.0493858550425874
"http://cmt#email","=","http://conference#is_a_date_of_camera_ready_paper_submission","dp","FF",-0.5058017402631338,-1.322782267918605,1.8749878240812723,-0.5509751340198158,0.17718536068980864,0.13291650155965923,0.016307727072516084,-0.21774090443770658,0.1637587441953741,0.09600902242780232,1.3253030659237954
"http://cmt#reviewsPerPaper","=","http://conference#has_an_email","dp","FF",-1.7392072751904992,-1.2973861941042917,0.1850309710545215,1.0259210046995424,0.9342207817000754,0.21463882950285293,-0.20370639033432508,-0.0745398991429207,0.1530785634611876,0.13754740496628318,1.286956888489757
"http://cmt#acceptsHardcopySubmissions","=","http://conference#has_an_email","dp","FF",-1.3380254058515864,-1.2945981568131921,0.8856451519264155,1.1755040274263149,0.7547921428234122,0.22852939197269131,0.028723148816672484,0.12733515351031893,-0.29908953191549253,0.07718492883665035,1.272352848009683
"http://cmt#logoURL","=","http://conference#is_an_abstract_submission_date","dp","FF",-1.5496321247627312,-1.8672934953330356,-1.674252281650267,-0.922173248455332,0.05291529025247385,0.731978523335598,0.15373254085716928,-0.33726099872092613,-0.05273995511671217,-0.2610139019103825,1.575626137705191
"http://cmt#paperID","=","http://conference#has_a_date_of_issue","dp","FF",0.45341167995740056,0.9938436930892312,0.15724750729034676,-0.6037976288074751,0.15768965511316677,0.5652445247125253,-0.16951005698209928,-0.05982171301682409,-0.5211121345600385,-0.30584202762757506,1.0511944274595084
"http://cmt#acceptsHardcopySubmissions","=","http://conference#has_a_location","dp","FF",-0.8927653267161731,-1.2959773589611931,1.743694688003059,0.8736388187149152,-0.20466264132814904,-0.4145479374446221,-0.31980570592273255,0.13696617841352002,0.29103581552904917,-0.08121608909987954,1.3303355169592148
"http://cmt#siteURL","=","http://conference#has_the_first_name","dp","FF",-0.3746636623260741,1.1347614604156049,-1.7728573277928041,-0.32733507834328224,-0.43054685804418985,0.4574647058492043,-0.05208227795720019,0.305598774388151,-0.045425358495430224,-0.28611821832136464,1.3571775093159002
"http://cmt#paperID","=","http://conference#is_a_date_of_camera_ready_paper_submission","dp","FF",2.8280375698044486,0.15577930660421585,-0.010260624813132398,-0.45575421928009113,0.4870918020061567,0.42860578053651927,0.40167882590425097,-0.8209716230478246,0.3841085310257736,-0.36856085887301243,2.071694609842988
"http://cmt#reviewsPerPaper","=","http://conference#has_a_degree","dp","FF",-1.4152661642145496,-1.2608077703368996,1.1040472111548525,0.5383120257688137,-0.044629781316806956,-0.560635671040999,-0.2471267692613428,0.18596104160311525,0.07001070342712128,0.50639132671734,1.22081466609732
"http://cmt#acceptsHardcopySubmissions","=","http://conference#has_an_expertise","dp","FF",-0.7380414629675998,1.6304682679735598,0.37743383558601823,1.182123582675314,0.6412310153535242,-0.23753378232804004,-0.10478622155292282,0.023902898764134962,-0.008543555599019526,0.140249187095209,0.9424575423838017
"http://cmt#acceptsHardcopySubmissions","=","http://conference#has_a_date_of_issue","dp","FF",0.24022021754058984,1.7198140844184993,1.122400196368785,0.9294010660932726,-0.7344612698810424,0.1660373911811756,0.07773369668142167,0.24271879091536755,-0.06143313751851879,-0.3244979837952653,1.5559245915251019
"http://cmt#email","=","http://conference#has_a_degree","dp","FF",-0.07219986356022931,1.0476834252293177,1.2323235010252476,-0.6917625832192374,-0.27179156989163844,-0.49209025635936327,0.2064145118207284,0.016249742070584196,0.128085373326074,0.2828730242046718,0.8187312408264577
"http://cmt#reviewsPerPaper","=","http://conference#has_the_first_name","dp","FF",-0.47608800610864943,1.3239480985411682,-1.1926717593805194,0.2264529144699778,0.6801571277734485,0.39459668822703864,0.10481840492513453,0.30925869355837804,0.23964997081898556,0.45998020595754147,1.027964862151011
"http://cmt#email","=","http://conference#has_a_location","dp","FF",0.07851082872670412,1.5840957635575805,1.248092627878427,-0.27903096724077214,-0.4855576755041834,-0.1543623431494312,-0.01763939916661475,-0.17011894025023663,-0.03135385864938667,0.002237690395542726,0.9292681099044673
"http://cmt#paperID","=","http://conference#has_an_ISBN","dp","FF",-0.7779979970150523,1.5410760654899402,0.06765132867117421,1.420010477360555,0.4266755028570436,0.11980871938363157,-0.4182700911768959,-0.21011208344889615,-0.26289602843551335,-0.04530892693425676,1.0368719677771243
"http://cmt#date","=","http://conference#is_an_ending_date","dp","FF",4.26614687601146,-3.133012116641653,-0.013469468430806278,-0.0025320071675874615,0.0082218015536887,-0.6922036565974647,0.63132033942751,1.1744080776774752,0.04421618110575766,-0.7374518845570288,3.1008746664039273
"http://cmt#email","=","http://conference#has_the_last_name","dp","FF",-0.4340953644056538,0.7836560718999109,-0.46972546828211836,0.07211660490989952,0.5028055301231331,0.03382678550805667,0.32356474778223526,0.18512698462385438,0.21822345060253856,-0.06676849264806732,0.8429690046808354
"http://cmt#reviewsPerPaper","=","http://conference#has_a_location","dp","FF",-1.9129510959564984,-1.3230313947108452,0.783837374660732,0.06549609221625173,-0.792492310104333,-0.29866883775622116,0.25805752870534543,-0.25355468938582243,0.2533978228370604,0.4412514837500079,1.3409256506918443
"http://cmt#acceptsHardcopySubmissions","=","http://conference#has_a_degree","dp","FF",-1.2708355696229157,-1.1903726016666787,1.7914237149650367,0.5640026402105569,-0.09212890066542209,-0.235607851191079,0.05106394838246839,0.1291904820899505,0.035480008158958985,0.4380446122055422,1.173238994559876
"http://cmt#maxPapers","=","http://conference#has_an_ISBN","dp","FF",-0.7248111327627601,1.7878961651820373,0.05350232992463115,1.3931284634203982,0.5148790393820313,0.02913925864422754,-0.2688146804354502,-0.07373973521514149,-0.2308320247275146,-0.08384897700712834,1.0096715720525389
"http://cmt#maxPapers","=","http://conference#has_an_expertise","dp","FF",0.24724887024160774,1.5625685558803173,-0.40635244659005,0.7703520100832444,0.5050602891828839,-0.758080256900143,-0.7444527351317255,-0.2921999501663153,0.4694162525871917,-0.9932261314892172,1.8207188303656334
"http://cmt#maxPapers","=","http://conference#has_a_location","dp","FF",-0.009020909325574866,1.2822760730971359,1.2204133185190247,-0.6607428576931285,-0.23422641016712525,-0.3087938477148457,-0.4054767790687645,-0.23890669147267887,0.03065049566297198,0.16354802686501776,0.8455899348945136
"http://cmt#email","=","http://conference#has_gender","dp","FF",-0.8363723206510822,0.9242413384634436,-0.834992321323875,0.2802434996965283,0.7592970315777068,-0.18301486748172793,0.30229390754624075,-0.013027667300497946,0.5366054020489879,0.1204547690264706,1.058294935775595
"http://cmt#title","=","http://conference#has_the_last_name","dp","FF",-0.17258868029732516,1.0702228556652251,-1.6026953234705574,-0.18054950461199648,0.9314954445598274,-0.9046568284641128,0.1038379059602024,-0.4335620267554666,-0.8236742576017071,-0.24026616525572073,1.6541804631581136
"http://cmt#logoURL","=","http://conference#is_an_ending_date","dp","FF",-2.0336416485970403,-1.8425139118441705,-1.9196983541989054,-0.7640496947594638,-0.6684966074676714,0.37634393990071713,-0.03348684562363568,-0.10000165150262472,0.4373562808085566,0.011315121702633334,1.7716105474267096
"http://cmt#logoURL","=","http://conference#has_a_degree","dp","FF",-1.7741099749182396,-1.439791318359867,0.1315270124048188,-0.18588756003686682,-0.34717218263113653,-0.3853508044715397,0.010207212372909683,-0.41093892202093674,0.25380845672985947,0.025237767816381762,1.1825543699186278
"http://cmt#name","=","http://conference#has_a_URL","dp","FF",0.3853364059632331,1.085263914908566,0.9820054827192193,-0.47174246280774934,-0.5556955215752557,0.754903083986987,-0.09976185999698456,0.0025007416715469312,-0.21060724127288602,-0.039348931691402265,0.9605014975115592
"http://cmt#email","=","http://conference#has_a_volume","dp","FF",0.12482510376187392,1.001503004735047,1.1851694285389942,-0.6653199930337963,-0.26368676720043954,-0.6619852571370691,0.013559084345723501,0.022597024487995197,0.15676016650164112,-0.048365865574559776,0.787911031002911
"http://cmt#reviewsPerPaper","=","http://conference#has_an_expertise","dp","FF",-0.502289858573985,1.5284609335657517,-0.27796907238925356,1.1101228599435442,-1.0945299214234454,-0.8393917304502645,-0.2311752177122129,0.05564360473693799,0.6228934091759653,-0.08498809066649804,1.779913779398034
"http://cmt#title","=","http://conference#has_a_URL","dp","FF",-1.158680902996099,-1.5187377413852792,0.28822450489329016,-0.3473949924617649,0.5502302496678221,0.1473736294796068,0.41512948094894264,-0.3541831386005851,-0.2464836328703472,-0.10317850350929397,1.171442063719796
"http://cmt#email","=","http://conference#has_the_first_name","dp","FF",-0.48100534364758984,0.7960578688907176,-0.43752965330123256,0.08221155916425921,0.5150994470059391,0.001413998912324516,0.34886420772787663,0.16343365853189923,0.2514766049922174,-0.04168596850826715,0.823972360151657
"http://cmt#title","=","http://conference#has_an_ISBN","dp","FF",-1.9527302264924309,-1.369968234914015,-0.0815226638411345,1.5455783504669494,0.7640560372235922,0.38491950724816426,0.35221117846372363,-0.2619213886303605,-0.3115712346125323,-0.19846151386106664,1.635211358235599
"http://cmt#reviewsPerPaper","=","http://conference#has_a_date_of_issue","dp","FF",-0.72500922508598,0.8210167373307765,0.23354865402463482,0.1335162726754934,-0.6382001582407035,0.5176435180434256,0.5847575978987066,0.029558814885945778,-0.07110658818396672,0.2711371414280178,1.2552817313655111
"http://cmt#acceptsHardcopySubmissions","=","http://conference#is_a_full_paper_submission_date","dp","FF",3.2827542593779016,1.1822358189107898,0.8185939590900683,2.2477958890224303,-0.8942876233149064,1.2174008096868216,-0.11847640174200971,0.06413230806714779,0.07234995985307102,-0.7605367241863146,3.340730684007702
"http://cmt#maxPapers","=","http://conference#has_gender","dp","FF",-0.618809126446633,1.5699460877463258,-1.1748739253707363,0.5898762676531543,0.8056240256111331,-0.22331929604885756,-0.25857764983948295,0.020264696669712482,0.1804626256476296,-0.08401350141229694,1.0114544487011317
"http://cmt#date","=","http://conference#has_an_ISBN","dp","FF",-0.9515108108744139,1.2677304024772447,0.15289841885520516,1.2228101961923117,0.5582909164879214,0.04218354284166178,0.2562328584012558,-0.25549430221078634,0.010806106676933639,0.09529484182973338,0.9543851588781461
"http://cmt#acceptsHardcopySubmissions","=","http://conference#is_an_abstract_submission_date","dp","FF",3.518403992210099,1.015712448098672,0.10636473058317795,2.6267918015467364,-0.8812986237389618,1.413025681807805,-0.2585873683576432,0.19730133753012105,0.03714104007821209,-0.7362613928854509,3.522368238450318
"http://cmt#logoURL","=","http://conference#has_an_email","dp","FF",-2.0812429269140242,-1.731788889000037,-1.135146884172756,0.4681824774638031,-0.921834260487164,0.1988323432476025,0.4109259387663919,0.19992911331411067,-0.05464967338298846,-0.07688353388762251,1.3561245933906036
"http://cmt#acceptsHardcopySubmissions","=","http://conference#has_gender","dp","FF",-1.2974810089888589,1.1280167792190539,0.010140606965907364,1.09869633993675,0.048324934685976755,-0.4588905674886695,0.4022762386545502,0.09548604947578944,0.2062964918724761,0.33077343584824576,1.2495132337209753
"http://cmt#date","=","http://conference#is_an_abstract_submission_date","dp","FF",3.634670079433501,-0.26264857837087374,0.0649080353546788,-0.33720165504757804,0.11456748235231216,-0.7532907227136848,1.1968067179822657,0.80891198604158,0.16299180786444376,-0.5757192776087895,2.436614992774548
"http://cmt#logoURL","=","http://conference#is_a_full_paper_submission_date","dp","FF",0.3793832763582318,0.8219014571841133,-0.3940246509910195,-1.3590435301433557,0.4266855035732212,0.7046728418820614,0.11035306959435878,-0.16562313586461572,0.0025020541079042984,-0.14520202725148232,1.2125306076089442
"http://cmt#email","=","http://conference#has_a_URL","dp","FF",0.44602083681828336,0.938884269452114,1.0639576024461772,-0.1916298100787484,-0.6235388535116636,0.5432833399512204,-0.23358538964399453,0.30105499454930396,-0.40123605290524167,-0.46121018543772707,1.1073556413891237
"http://cmt#title","=","http://conference#is_a_date_of_camera_ready_paper_submission","dp","FF",-0.5607181822470628,0.8493492894586692,0.07707297564458282,0.04763210211347446,0.5924824371497143,-0.09536618497536364,0.6508403999376867,-0.4876669879575749,-0.038369663085017394,-0.06882284135243195,0.9117397004952288
"http://cmt#maxPapers","=","http://conference#is_an_ending_date","dp","FF",-0.07618656711722895,0.783834976193949,-1.1542270409278752,-0.8832471140806799,0.8725386416526333,0.6605186767315717,0.011698463110491069,0.10907383891558113,0.27264770815603273,0.20882862773647465,1.2914790267480283
"http://cmt#acceptsHardcopySubmissions","=","http://conference#is_a_date_of_acceptance_announcement","dp","FF",1.404847682358265,-1.9808779389569782,1.6189121612019537,1.5489300263565178,-0.6391934819816036,1.6341886987559555,0.06308310297677545,0.036114025041516576,-0.2898741644155762,-0.09719975298978686,3.0060582030916043
"http://cmt#name","=","http://conference#is_a_starting_date","dp","FF",0.41689627877962626,0.8679178527037799,0.7817858329316921,-0.7418954815673442,-0.5305941303795256,-0.06076072890672438,-0.0203583034454719,0.4585331430256294,0.10445019126091881,0.21317961776400476,0.8567866291350328
"http://cmt#acceptsHardcopySubmissions","=","http://conference#has_the_first_name","dp","FF",-1.5930952884975822,-1.2871216791999154,0.6491879749182075,1.189349209613228,0.6921923438533284,0.20521796544339874,0.06298677078340169,0.06709049682283186,-0.17705284742834496,0.21048833268715356,1.247756430643335
"http://cmt#reviewsPerPaper","=","http://conference#has_a_name","dp","FF",-0.8026382083159552,0.681845317825528,-0.08964508125413556,0.020417803885505365,-1.045080034545352,-0.16982550822210046,-0.3054317115840965,0.27124077952919495,0.3498287562607836,0.29929538570539616,1.2843826062978907
"http://cmt#paperID","=","http://conference#has_a_volume","dp","FF",-0.6121173387618378,0.820526895590441,0.290492120320524,-0.2182968037397926,-0.9553654631788323,-0.3375609946952224,0.28493579363190186,-0.21372427878875144,-0.04155276809097577,0.004660136844664384,1.1882766332793
"http://cmt#title","=","http://conference#has_a_volume","dp","FF",-0.9920354779861414,-1.5479553656401517,0.298481915691327,0.12458478436724839,0.3031713201996589,-0.03690877446789162,-0.05189989848055999,-0.21369017260590153,-0.4943044099908795,-0.48074925847558975,1.1339902598106544
"http://cmt#name","=","http://conference#has_a_degree","dp","FF",0.19856472219051213,1.1162787510841323,1.0424509840294456,-0.8230800888128238,-0.2979069543570805,-0.5839470648450278,-0.354925173769763,-0.142074440181065,-0.06579634142566959,0.0210951721991797,0.7958510325937653
"http://cmt#title","=","http://conference#is_a_full_paper_submission_date","dp","FF",-0.30224736256036067,0.7507888383062327,-0.05577792983364502,0.0593968200570355,0.6004279312127574,-0.30849500689103343,0.7410283059314601,-0.004870779704588946,-0.36231513514528463,0.06179356144651579,0.840751736496658
"http://cmt#reviewsPerPaper","=","http://conference#is_a_date_of_camera_ready_paper_submission","dp","FF",1.199525723245989,-2.1829696514040227,0.40330639255687484,0.12881433666333422,-0.41606115804130966,0.7379289799258619,-0.2133265223215875,-0.196151554344171,0.26511675553011227,-0.18476104808165536,2.3857923270544967
"http://cmt#email","=","http://conference#has_a_date_of_issue","dp","FF",0.17726183798456835,0.867386550044127,0.9952118259654207,-0.8997688904477934,-0.3455085293838159,0.0033719180346574243,0.12478283584200286,0.09471035357477625,-0.04450146897755675,0.07446156401921636,0.7536046001306068
"http://cmt#logoURL","=","http://conference#has_a_name","dp","FF",-1.8819978326762674,-1.6597211791398707,-0.39043192402112475,-0.2406142971557192,-1.3526509679861065,0.6565763148607258,0.5224823104276225,-0.05393833571782489,-0.10905066798976355,0.21619288178582552,1.6435708757286083
"http://cmt#date","=","http://conference#is_a_full_paper_submission_date","dp","FF",3.3615828147240596,-0.15251692185813623,0.1929422298295713,-0.39818913810382534,0.19545242993403392,-0.7140502328211156,1.1372628472867643,0.8630671705252456,0.30865578511796604,-0.6156420829448533,2.434581367499937
"http://cmt#title","=","http://conference#has_a_degree","dp","FF",-1.8140120367432968,-1.6209023310659758,-0.21193728295852193,-0.10782316447877643,-1.1976930686719343,-0.6644323962840801,0.4299202866439244,-0.19614634205270584,0.08817038224180727,-0.12188250918493748,1.1644327844073472
"http://cmt#name","=","http://conference#has_the_first_name","dp","FF",4.746144944794828,-3.179435871436082,0.08336532943855765,0.1866905071513932,0.5985933845902129,-0.6035155266392889,0.24397079165673174,0.4209227060200258,0.04827096495170029,0.4343534489808353,3.013951764981917
"http://cmt#name","=","http://conference#has_a_location","dp","FF",0.2579948097607484,1.0184868445962072,1.1642180630178538,-0.4438253900303023,-0.42185756108463607,-0.07473766298874626,0.4108982616799867,0.011144406895811587,-0.47341395790677554,0.09882945663643755,0.8810417348920788
"http://cmt#paperID","=","http://conference#is_an_abstract_submission_date","dp","FF",0.32061548355146025,0.5240177754264517,0.05962694415538288,-0.5510454216477153,0.3666618360782879,0.56306607698647,0.1586381647998804,0.19657584328024758,-0.5427062476445081,-0.06959916028237693,1.104826267633608
"http://cmt#maxPapers","=","http://conference#has_a_date_of_issue","dp","FF",0.6850608454895762,1.2297253173710352,0.5207788907054675,-1.3991975064882163,-0.286424607521176,0.10315344547438461,-0.7055424094589319,-0.07957452687648678,-0.1801480590158534,-0.17918654745751167,1.130214563954348
"http://cmt#name","=","http://conference#is_an_abstract_submission_date","dp","FF",0.3220979188461709,0.8557368786540467,0.4428523462397622,-0.45163558726377395,0.5385777463643371,-0.11074674009096598,0.18711056053934969,0.16734783821356397,-0.06679397132149124,0.03582560568078078,0.9774587697856172
"http://cmt#paperID","=","http://conference#has_a_name","dp","FF",-0.1019530591938046,0.6403134159358875,-0.3281068786561478,-0.7306327822009229,-0.9876187450966916,0.21976384303729962,-0.1726238695070933,0.22132405226447924,0.031291391966613916,0.3258582772079646,1.3399164475145262
"http://cmt#siteURL","=","http://conference#has_a_name","dp","FF",-1.1590608364680466,0.6397495715306817,-0.8271168194262943,0.06362370618414888,-1.5426370602714072,0.135403999465591,0.6373328249379417,0.3330065655824155,-0.013800321835956286,0.28766905988262714,1.6213043254976025
"http://cmt#name","=","http://conference#is_a_full_paper_submission_date","dp","FF",0.7218967328848998,0.7986108201770504,0.8118172634748365,-1.166902838899649,0.12537907174291057,0.09401113922049095,0.200870049704046,0.22421084151548115,0.0021768775693300746,0.21705726467465197,0.9619341865815224
"http://cmt#acceptsHardcopySubmissions","=","http://conference#has_a_URL","dp","FF",-0.06517071705085183,1.7274799899665685,1.2862786857783384,0.7020369195107687,0.11774816092442988,0.054428604050265214,0.520025456407464,0.2342956124615289,-0.2720951323267461,0.23459415012956852,1.3253888939680778
"http://cmt#date","=","http://conference#has_a_volume","dp","FF",0.518965447568319,0.9545414348789444,0.6711938490277191,-1.3596364851660274,-0.3110136831849681,-0.539931646314193,-0.3741374507465948,-0.3003611031198054,-0.42812924712447165,-0.13900160348042248,1.104093016616555
"http://cmt#reviewsPerPaper","=","http://conference#is_an_abstract_submission_date","dp","FF",-0.6631327107655826,0.44122265515932874,-0.9877992319210279,0.4343328840087258,-0.1669807053038939,1.0395159165235137,0.35543968692336,0.3000588453785379,-0.34751367590363486,0.07830095292381065,1.5349791394346952
"http://cmt#date","=","http://conference#has_a_degree","dp","FF",0.4965131939096033,1.1036935863043136,1.1877802372500312,-0.7710603256789966,0.19615105701590071,-0.6320886569831655,-0.22430014027830827,-0.04194316095636129,-0.10997999860033951,0.02853312867436364,0.9110693292089183
"http://cmt#reviewsPerPaper","=","http://conference#has_a_URL","dp","FF",-0.5534885828818965,1.2296657467339853,0.6586239996532663,0.49909762672704755,0.17023907762852586,-0.17574473519000958,0.33545473659030917,0.31214237260357774,0.19778812407090296,0.4582490579003797,1.1685343373005466
"http://cmt#paperID","=","http://conference#has_a_degree","dp","FF",-0.8415883277305501,-1.2590992245071615,1.2621492604489986,0.05982504280324276,0.3837483492002096,-0.5100882587054401,-0.9874561849111476,-0.1607655511683365,-0.05139773768768691,-0.1284577457430683,1.4185365859754449
"http://cmt#email","=","http://conference#is_a_starting_date","dp","FF",-0.2536763922013885,-1.479714180605197,1.3609515208497875,-1.0350681087873257,0.06095904979184234,0.08793034824610624,-0.3683085103903166,0.4768806610483056,0.14390108983141958,0.5272373486586465,1.4857054606694249
"http://cmt#siteURL","=","http://conference#has_an_expertise","dp","FF",-2.223553282934588,-1.5181585887305833,-0.5153804743567407,0.3362591604138749,-0.9713041453519139,-0.7855817382565486,-0.18811893781805972,-0.03588073923982167,0.2139426659306715,-0.04926956939735196,1.1228629232300134
"http://cmt#title","=","http://conference#is_an_abstract_submission_date","dp","FF",-0.22714448820115662,0.7316003554626807,-0.10069078834418427,0.06312249693215358,0.5837600385558109,-0.36174572720832304,0.616892171071183,-0.004946971839089341,-0.46579258312518396,-0.009339876844511198,0.8474890858941608
"http://cmt#logoURL","=","http://conference#is_a_date_of_acceptance_announcement","dp","FF",-1.0686795049415634,-1.7589894133479638,-0.5777428758816653,-1.293743785296783,-0.2042622814542575,0.24157037409072885,-0.022710948749659357,-0.4856761900374155,-0.06514296952671249,-0.3748904445164744,1.4664560400362912
"http://cmt#name","=","http://conference#has_a_date_of_issue","dp","FF",0.6510993835620253,0.9314618743711236,1.0847604770661383,-0.7311932240447956,0.08094700233403218,0.20959312805375652,0.14400984869977768,0.029284181524322796,-0.35001103252435833,-0.035589526461931996,0.8596381968527542
"http://cmt#email","=","http://conference#has_an_email","dp","FF",8.84237804276166,-2.0819448116949615,-2.0123178515647386,0.9527278117200858,-0.26415517329662586,-0.5874276470001376,-4.305990563991252E-4,-0.23291546194366192,-0.42690878525995074,0.7054730836877325,4.966250177002701
"http://cmt#email","=","http://conference#has_an_ISBN","dp","FF",-0.7485858333026985,1.0921926976004703,0.39603479557811655,1.1653841455416587,0.10668969132307105,0.09501535568726947,0.2080364010567167,-0.13248015784259257,-0.16436238053740812,-0.32344921353490785,1.072211535352424
"http://cmt#siteURL","=","http://conference#is_a_full_paper_submission_date","dp","FF",0.6254552135219107,1.0253534048540607,-0.266643895752589,-1.040184736701143,0.7449603699329876,0.17084873895304475,0.05172234595504425,0.27748265883376405,-0.035636220107499506,0.11556302224927845,1.2051689548612614
"http://cmt#reviewsPerPaper","=","http://conference#has_a_volume","dp","FF",-1.5024243420186232,-1.3478107875387395,0.9896875344371397,0.4527160039650237,-0.4449195701505534,0.10560273706671798,0.1471932614105817,-0.12619578512557544,-0.18259217283977575,0.042404604710504896,1.241485645347287
"http://cmt#paperID","=","http://conference#has_a_location","dp","FF",-0.6866426799455652,0.832693995040352,0.20065550824616132,-0.44237687550540483,-0.9389371489511853,-0.347577014604279,-0.19167141685231462,-0.34541357909874565,-0.00504064190629443,0.010516215898918296,1.2371500889422475
"http://cmt#name","=","http://conference#has_gender","dp","FF",-0.36962415979564583,1.5768954658895402,-1.45476320879619,0.42271154315791987,0.7075232664971091,-0.09899818319214479,-0.2701639574182045,0.16647080596514663,0.10738702293130502,0.02172452455165063,1.0439930214824458
"http://cmt#maxPapers","=","http://conference#has_the_first_name","dp","FF",0.18631000606409073,1.3404858197827787,-1.6653653678323523,-0.5880383444756854,0.737018694522786,0.22569824126617294,-0.5558943380907089,0.3881322093930583,0.471842401069148,0.12784387072198128,1.4199756563929629
